crt.sh ID,Logged At,Not Before,Not After,CommonName,Matching Identities,Issuer Name
6398462194,2022-03-23,2022-03-23,2022-06-21,cyber-ed.ru,"cyber-ed.ru
www.cyber-ed.ru","C=US, O=Let's Encrypt, CN=R3"
6398467773,2022-03-23,2022-03-23,2022-06-21,cyber-ed.ru,"cyber-ed.ru
www.cyber-ed.ru","C=US, O=Let's Encrypt, CN=R3"
6475053586,2022-04-04,2022-04-04,2022-07-03,lms.cyber-ed.ru,lms.cyber-ed.ru,"C=US, O=Let's Encrypt, CN=R3"
6475062114,2022-04-04,2022-04-04,2022-07-03,lms.cyber-ed.ru,lms.cyber-ed.ru,"C=US, O=Let's Encrypt, CN=R3"
6860946604,2022-06-03,2022-06-03,2022-09-01,lms.cyber-ed.ru,lms.cyber-ed.ru,"C=US, O=Let's Encrypt, CN=R3"
6860943272,2022-06-03,2022-06-03,2022-09-01,lms.cyber-ed.ru,lms.cyber-ed.ru,"C=US, O=Let's Encrypt, CN=R3"
6886376311,2022-06-07,2022-06-07,2022-09-05,cyber-ed.ru,"cyber-ed.ru
www.cyber-ed.ru","C=US, O=Let's Encrypt, CN=R3"
6887726951,2022-06-07,2022-06-07,2022-09-05,cyber-ed.ru,"cyber-ed.ru
www.cyber-ed.ru","C=US, O=Let's Encrypt, CN=R3"
7254322225,2022-08-02,2022-08-02,2022-10-31,lms.cyber-ed.ru,lms.cyber-ed.ru,"C=US, O=Let's Encrypt, CN=R3"
7254322337,2022-08-02,2022-08-02,2022-10-31,lms.cyber-ed.ru,lms.cyber-ed.ru,"C=US, O=Let's Encrypt, CN=R3"
7273379233,2022-08-05,2022-08-05,2022-11-03,bitwarden.cyber-ed.ru,bitwarden.cyber-ed.ru,"C=US, O=Let's Encrypt, CN=R3"
7273379277,2022-08-05,2022-08-05,2022-11-03,bitwarden.cyber-ed.ru,bitwarden.cyber-ed.ru,"C=US, O=Let's Encrypt, CN=R3"
7275064445,2022-08-05,2022-08-05,2022-11-03,bitpasrep.cyber-ed.ru,bitpasrep.cyber-ed.ru,"C=US, O=Let's Encrypt, CN=R3"
7275064194,2022-08-05,2022-08-05,2022-11-03,bitpasrep.cyber-ed.ru,bitpasrep.cyber-ed.ru,"C=US, O=Let's Encrypt, CN=R3"
7295835586,2022-08-08,2022-08-08,2022-11-06,ceeperpas.cyber-ed.ru,ceeperpas.cyber-ed.ru,"C=US, O=Let's Encrypt, CN=R3"
7295849467,2022-08-08,2022-08-08,2022-11-06,ceeperpas.cyber-ed.ru,ceeperpas.cyber-ed.ru,"C=US, O=Let's Encrypt, CN=R3"
7348534560,2022-08-16,2022-08-16,2022-11-14,newlms.cyber-ed.ru,newlms.cyber-ed.ru,"C=US, O=Let's Encrypt, CN=R3"
7348534734,2022-08-16,2022-08-16,2022-11-14,newlms.cyber-ed.ru,newlms.cyber-ed.ru,"C=US, O=Let's Encrypt, CN=R3"
7348541674,2022-08-16,2022-08-16,2022-11-14,newlms.cyber-ed.ru,newlms.cyber-ed.ru,"C=US, O=Let's Encrypt, CN=R3"
7348541672,2022-08-16,2022-08-16,2022-11-14,newlms.cyber-ed.ru,newlms.cyber-ed.ru,"C=US, O=Let's Encrypt, CN=R3"
7386473602,2022-08-22,2022-08-22,2022-11-20,cyber-ed.ru,"cyber-ed.ru
www.cyber-ed.ru","C=US, O=Let's Encrypt, CN=R3"
7386479722,2022-08-22,2022-08-22,2022-11-20,cyber-ed.ru,"cyber-ed.ru
www.cyber-ed.ru","C=US, O=Let's Encrypt, CN=R3"
7394630704,2022-08-23,2022-08-23,2022-11-21,modlms.cyber-ed.ru,modlms.cyber-ed.ru,"C=US, O=Let's Encrypt, CN=R3"
7394631075,2022-08-23,2022-08-23,2022-11-21,modlms.cyber-ed.ru,modlms.cyber-ed.ru,"C=US, O=Let's Encrypt, CN=R3"
7414288942,2022-08-26,2022-08-26,2022-11-24,modlms.cyber-ed.ru,modlms.cyber-ed.ru,"C=US, O=Let's Encrypt, CN=R3"
7414288981,2022-08-26,2022-08-26,2022-11-24,modlms.cyber-ed.ru,modlms.cyber-ed.ru,"C=US, O=Let's Encrypt, CN=R3"
7659234645,2022-10-01,2022-10-01,2022-12-30,lms.cyber-ed.ru,lms.cyber-ed.ru,"C=US, O=Let's Encrypt, CN=R3"
7677556048,2022-10-01,2022-10-01,2022-12-30,lms.cyber-ed.ru,lms.cyber-ed.ru,"C=US, O=Let's Encrypt, CN=R3"
7872855069,2022-10-31,2022-10-31,2023-01-29,infctf.cyber-ed.ru,infctf.cyber-ed.ru,"C=US, O=Let's Encrypt, CN=R3"
7872850115,2022-10-31,2022-10-31,2023-01-29,infctf.cyber-ed.ru,infctf.cyber-ed.ru,"C=US, O=Let's Encrypt, CN=R3"
7914350394,2022-11-06,2022-11-06,2023-02-04,cyber-ed.ru,"cyber-ed.ru
www.cyber-ed.ru","C=US, O=Let's Encrypt, CN=R3"
7914349461,2022-11-06,2022-11-06,2023-02-04,cyber-ed.ru,"cyber-ed.ru
www.cyber-ed.ru","C=US, O=Let's Encrypt, CN=R3"
7937884859,2022-11-09,2022-11-09,2023-02-07,cyberclass.cyber-ed.ru,cyberclass.cyber-ed.ru,"C=US, O=Let's Encrypt, CN=R3"
7937882546,2022-11-09,2022-11-09,2023-02-07,cyberclass.cyber-ed.ru,cyberclass.cyber-ed.ru,"C=US, O=Let's Encrypt, CN=R3"
8080821407,2022-11-28,2022-11-28,2023-02-26,bugbounty-intensive.cyber-ed.ru,bugbounty-intensive.cyber-ed.ru,"C=US, O=Let's Encrypt, CN=R3"
8085567458,2022-11-28,2022-11-28,2023-02-26,bugbounty-intensive.cyber-ed.ru,bugbounty-intensive.cyber-ed.ru,"C=US, O=Let's Encrypt, CN=R3"
8086319487,2022-11-29,2022-11-29,2023-02-27,bugbounty-intensive.cyber-ed.ru,bugbounty-intensive.cyber-ed.ru,"C=US, O=Let's Encrypt, CN=R3"
8098757236,2022-11-29,2022-11-29,2023-02-27,bugbounty-intensive.cyber-ed.ru,bugbounty-intensive.cyber-ed.ru,"C=US, O=Let's Encrypt, CN=R3"
8094545308,2022-12-01,2022-11-30,2023-02-28,lms.cyber-ed.ru,lms.cyber-ed.ru,"C=US, O=Let's Encrypt, CN=R3"
8111899394,2022-12-01,2022-11-30,2023-02-28,lms.cyber-ed.ru,lms.cyber-ed.ru,"C=US, O=Let's Encrypt, CN=R3"
8404030378,2023-01-13,2023-01-13,2023-04-13,gitlab.cyber-ed.ru,gitlab.cyber-ed.ru,"C=US, O=Let's Encrypt, CN=R3"
8466607059,2023-01-13,2023-01-13,2023-04-13,gitlab.cyber-ed.ru,gitlab.cyber-ed.ru,"C=US, O=Let's Encrypt, CN=R3"
8460838206,2023-01-21,2023-01-21,2023-04-21,cyber-ed.ru,"cyber-ed.ru
www.cyber-ed.ru","C=US, O=Let's Encrypt, CN=R3"
8536598690,2023-01-21,2023-01-21,2023-04-21,cyber-ed.ru,"cyber-ed.ru
www.cyber-ed.ru","C=US, O=Let's Encrypt, CN=R3"
8533503823,2023-01-30,2023-01-30,2023-04-30,lms.cyber-ed.ru,lms.cyber-ed.ru,"C=US, O=Let's Encrypt, CN=R3"
8616054262,2023-01-30,2023-01-30,2023-04-30,lms.cyber-ed.ru,lms.cyber-ed.ru,"C=US, O=Let's Encrypt, CN=R3"
9024170783,2023-03-31,2023-03-31,2023-06-29,lms.cyber-ed.ru,lms.cyber-ed.ru,"C=US, O=Let's Encrypt, CN=R3"
9051874527,2023-03-31,2023-03-31,2023-06-29,lms.cyber-ed.ru,lms.cyber-ed.ru,"C=US, O=Let's Encrypt, CN=R3"
9082548420,2023-04-07,2023-04-07,2023-07-06,cyber-ed.ru,"cyber-ed.ru
www.cyber-ed.ru","C=US, O=Let's Encrypt, CN=R3"
9101478095,2023-04-07,2023-04-07,2023-07-06,cyber-ed.ru,"cyber-ed.ru
www.cyber-ed.ru","C=US, O=Let's Encrypt, CN=R3"
9174228513,2023-04-17,2023-04-17,2023-07-16,gitlab.cyber-ed.ru,gitlab.cyber-ed.ru,"C=US, O=Let's Encrypt, CN=R3"
9174247625,2023-04-17,2023-04-17,2023-07-16,gitlab.cyber-ed.ru,gitlab.cyber-ed.ru,"C=US, O=Let's Encrypt, CN=R3"
9314108118,2023-05-05,2023-05-05,2023-08-03,step.cyber-ed.ru,step.cyber-ed.ru,"C=US, O=Let's Encrypt, CN=R3"
9318234801,2023-05-05,2023-05-05,2023-08-03,step.cyber-ed.ru,step.cyber-ed.ru,"C=US, O=Let's Encrypt, CN=R3"
9333408057,2023-05-07,2023-05-07,2023-08-05,task.cyber-ed.ru,task.cyber-ed.ru,"C=US, O=Let's Encrypt, CN=R3"
9340303670,2023-05-07,2023-05-07,2023-08-05,task.cyber-ed.ru,task.cyber-ed.ru,"C=US, O=Let's Encrypt, CN=R3"
9526970256,2023-05-30,2023-05-30,2023-08-28,lms.cyber-ed.ru,lms.cyber-ed.ru,"C=US, O=Let's Encrypt, CN=R3"
9548184978,2023-05-30,2023-05-30,2023-08-28,lms.cyber-ed.ru,lms.cyber-ed.ru,"C=US, O=Let's Encrypt, CN=R3"
9714564371,2023-06-22,2023-06-22,2023-09-20,gitlab.cyber-ed.ru,gitlab.cyber-ed.ru,"C=US, O=Let's Encrypt, CN=R3"
9738938369,2023-06-22,2023-06-22,2023-09-20,gitlab.cyber-ed.ru,gitlab.cyber-ed.ru,"C=US, O=Let's Encrypt, CN=R3"
9714921637,2023-06-22,2023-06-22,2023-09-20,cyber-ed.ru,"cyber-ed.ru
www.cyber-ed.ru","C=US, O=Let's Encrypt, CN=R3"
9739587494,2023-06-22,2023-06-22,2023-09-20,cyber-ed.ru,"cyber-ed.ru
www.cyber-ed.ru","C=US, O=Let's Encrypt, CN=R3"
10041999632,2023-07-29,2023-07-29,2023-10-27,lms.cyber-ed.ru,lms.cyber-ed.ru,"C=US, O=Let's Encrypt, CN=R3"
10021648209,2023-07-29,2023-07-29,2023-10-27,lms.cyber-ed.ru,lms.cyber-ed.ru,"C=US, O=Let's Encrypt, CN=R3"
10186605429,2023-08-08,2023-08-08,2023-11-06,cyber-ed.ru,"cyber-ed.ru
www.cyber-ed.ru","C=US, O=Let's Encrypt, CN=R3"
10097770244,2023-08-08,2023-08-08,2023-11-06,cyber-ed.ru,"cyber-ed.ru
www.cyber-ed.ru","C=US, O=Let's Encrypt, CN=R3"
10190825972,2023-08-16,2023-08-16,2023-11-14,one-task-of-the-month.cyber-ed.ru,one-task-of-the-month.cyber-ed.ru,"C=US, O=Let's Encrypt, CN=R3"
10158303127,2023-08-16,2023-08-16,2023-11-14,one-task-of-the-month.cyber-ed.ru,one-task-of-the-month.cyber-ed.ru,"C=US, O=Let's Encrypt, CN=R3"
10245586550,2023-08-22,2023-08-22,2023-11-20,gitlab.cyber-ed.ru,gitlab.cyber-ed.ru,"C=US, O=Let's Encrypt, CN=R3"
10368456442,2023-08-22,2023-08-22,2023-11-20,gitlab.cyber-ed.ru,gitlab.cyber-ed.ru,"C=US, O=Let's Encrypt, CN=R3"
10249371032,2023-08-22,2023-08-22,2023-11-20,cyber-ed.ru,"cyber-ed.ru
www.cyber-ed.ru","C=US, O=Let's Encrypt, CN=R3"
10371957676,2023-08-22,2023-08-22,2023-11-20,cyber-ed.ru,"cyber-ed.ru
www.cyber-ed.ru","C=US, O=Let's Encrypt, CN=R3"
10381788392,2023-09-06,2023-09-06,2023-12-05,cyber-ed.ru,"cyber-ed.ru
www.cyber-ed.ru","C=US, O=Let's Encrypt, CN=R3"
10522362116,2023-09-06,2023-09-06,2023-12-05,cyber-ed.ru,"cyber-ed.ru
www.cyber-ed.ru","C=US, O=Let's Encrypt, CN=R3"
10405803399,2023-09-09,2023-09-09,2023-12-08,cyber-ed.ru,"cyber-ed.ru
www.cyber-ed.ru","C=US, O=Let's Encrypt, CN=R3"
10541091697,2023-09-09,2023-09-09,2023-12-08,cyber-ed.ru,"cyber-ed.ru
www.cyber-ed.ru","C=US, O=Let's Encrypt, CN=R3"
10483689079,2023-09-20,2023-09-20,2023-12-19,one-task.cyber-ed.ru,one-task.cyber-ed.ru,"C=US, O=Let's Encrypt, CN=R3"
10664174792,2023-09-20,2023-09-20,2023-12-19,one-task.cyber-ed.ru,one-task.cyber-ed.ru,"C=US, O=Let's Encrypt, CN=R3"
10517427144,2023-09-27,2023-09-27,2023-12-26,lms.cyber-ed.ru,lms.cyber-ed.ru,"C=US, O=Let's Encrypt, CN=R3"
10738325089,2023-09-27,2023-09-27,2023-12-26,lms.cyber-ed.ru,lms.cyber-ed.ru,"C=US, O=Let's Encrypt, CN=R3"
10718073189,2023-09-29,2023-09-29,2023-12-28,cyber-ed.ru,"cyber-ed.ru
www.cyber-ed.ru","C=US, O=Let's Encrypt, CN=R3"
10555412871,2023-09-29,2023-09-29,2023-12-28,cyber-ed.ru,"cyber-ed.ru
www.cyber-ed.ru","C=US, O=Let's Encrypt, CN=R3"
10711981512,2023-10-10,2023-10-10,2024-01-08,old.cyber-ed.ru,old.cyber-ed.ru,"C=US, O=Let's Encrypt, CN=R3"
10711078168,2023-10-10,2023-10-10,2024-01-08,old.cyber-ed.ru,old.cyber-ed.ru,"C=US, O=Let's Encrypt, CN=R3"
10728634017,2023-10-11,2023-10-11,2024-01-09,cyber-ed.ru,"cyber-ed.ru
www.cyber-ed.ru","C=US, O=Let's Encrypt, CN=R3"
10728638992,2023-10-11,2023-10-11,2024-01-09,cyber-ed.ru,"cyber-ed.ru
www.cyber-ed.ru","C=US, O=Let's Encrypt, CN=R3"
10858039984,2023-10-22,2023-10-22,2024-01-20,gitlab.cyber-ed.ru,gitlab.cyber-ed.ru,"C=US, O=Let's Encrypt, CN=R3"
10858041254,2023-10-22,2023-10-22,2024-01-20,gitlab.cyber-ed.ru,gitlab.cyber-ed.ru,"C=US, O=Let's Encrypt, CN=R3"
10921637411,2023-10-28,2023-10-28,2024-01-26,cyber-ed.ru,"cyber-ed.ru
www.cyber-ed.ru","C=US, O=Let's Encrypt, CN=R3"
10921639213,2023-10-28,2023-10-28,2024-01-26,cyber-ed.ru,"cyber-ed.ru
www.cyber-ed.ru","C=US, O=Let's Encrypt, CN=R3"
11075919695,2023-11-12,2023-11-12,2024-02-10,old.cyber-ed.ru,old.cyber-ed.ru,"C=US, O=Let's Encrypt, CN=R3"
11075919564,2023-11-12,2023-11-12,2024-02-10,old.cyber-ed.ru,old.cyber-ed.ru,"C=US, O=Let's Encrypt, CN=R3"
11202514797,2023-11-24,2023-11-24,2024-02-22,cyber-ed.ru,"cyber-ed.ru
www.cyber-ed.ru","C=US, O=Let's Encrypt, CN=R3"
11202519671,2023-11-24,2023-11-24,2024-02-22,cyber-ed.ru,"cyber-ed.ru
www.cyber-ed.ru","C=US, O=Let's Encrypt, CN=R3"
11222337914,2023-11-26,2023-11-26,2024-02-24,old.cyber-ed.ru,old.cyber-ed.ru,"C=US, O=Let's Encrypt, CN=R3"
11222333259,2023-11-26,2023-11-26,2024-02-24,old.cyber-ed.ru,old.cyber-ed.ru,"C=US, O=Let's Encrypt, CN=R3"
11232921273,2023-11-27,2023-11-27,2024-02-25,lms.cyber-ed.ru,lms.cyber-ed.ru,"C=US, O=Let's Encrypt, CN=R3"
11232926625,2023-11-27,2023-11-27,2024-02-25,lms.cyber-ed.ru,lms.cyber-ed.ru,"C=US, O=Let's Encrypt, CN=R3"
11369921539,2023-12-10,2023-12-10,2024-03-09,cyber-ed.ru,"cyber-ed.ru
www.cyber-ed.ru","C=US, O=Let's Encrypt, CN=R3"
11380119239,2023-12-10,2023-12-10,2024-03-09,cyber-ed.ru,"cyber-ed.ru
www.cyber-ed.ru","C=US, O=Let's Encrypt, CN=R3"
11518400587,2023-12-22,2023-12-22,2024-03-21,gitlab.cyber-ed.ru,gitlab.cyber-ed.ru,"C=US, O=Let's Encrypt, CN=R3"
11550585995,2023-12-22,2023-12-22,2024-03-21,gitlab.cyber-ed.ru,gitlab.cyber-ed.ru,"C=US, O=Let's Encrypt, CN=R3"
11536311227,2023-12-22,2023-12-22,2024-03-21,cyber-ed.ru,"cyber-ed.ru
www.cyber-ed.ru","C=US, O=Let's Encrypt, CN=R3"
11559923406,2023-12-22,2023-12-22,2024-03-21,cyber-ed.ru,"cyber-ed.ru
www.cyber-ed.ru","C=US, O=Let's Encrypt, CN=R3"
11484820850,2023-12-26,2023-12-26,2024-03-25,old.cyber-ed.ru,old.cyber-ed.ru,"C=US, O=Let's Encrypt, CN=R3"
11593188587,2023-12-26,2023-12-26,2024-03-25,old.cyber-ed.ru,old.cyber-ed.ru,"C=US, O=Let's Encrypt, CN=R3"
11878173328,2024-01-26,2024-01-26,2024-04-25,lms.cyber-ed.ru,lms.cyber-ed.ru,"C=US, O=Let's Encrypt, CN=R3"
11878175822,2024-01-26,2024-01-26,2024-04-25,lms.cyber-ed.ru,lms.cyber-ed.ru,"C=US, O=Let's Encrypt, CN=R3"
11886799839,2024-01-27,2024-01-27,2024-04-26,old.cyber-ed.ru,old.cyber-ed.ru,"C=US, O=Let's Encrypt, CN=R3"
11886805610,2024-01-27,2024-01-27,2024-04-26,old.cyber-ed.ru,old.cyber-ed.ru,"C=US, O=Let's Encrypt, CN=R3"
11955103705,2024-02-02,2024-02-02,2024-05-02,one-task.cyber-ed.ru,one-task.cyber-ed.ru,"C=US, O=Let's Encrypt, CN=R3"
11955109614,2024-02-02,2024-02-02,2024-05-02,one-task.cyber-ed.ru,one-task.cyber-ed.ru,"C=US, O=Let's Encrypt, CN=R3"
11955358751,2024-02-02,2024-02-02,2024-05-02,one-task.cyber-ed.ru,one-task.cyber-ed.ru,"C=US, O=Let's Encrypt, CN=R3"
11955361864,2024-02-02,2024-02-02,2024-05-02,one-task.cyber-ed.ru,one-task.cyber-ed.ru,"C=US, O=Let's Encrypt, CN=R3"
11955371682,2024-02-02,2024-02-02,2024-05-02,one-task.cyber-ed.ru,one-task.cyber-ed.ru,"C=US, O=Let's Encrypt, CN=R3"
11955374404,2024-02-02,2024-02-02,2024-05-02,one-task.cyber-ed.ru,one-task.cyber-ed.ru,"C=US, O=Let's Encrypt, CN=R3"
12014775141,2024-02-08,2024-02-08,2024-05-08,cyber-ed.ru,"cyber-ed.ru
www.cyber-ed.ru","C=US, O=Let's Encrypt, CN=R3"
12014780077,2024-02-08,2024-02-08,2024-05-08,cyber-ed.ru,"cyber-ed.ru
www.cyber-ed.ru","C=US, O=Let's Encrypt, CN=R3"
12055686158,2024-02-12,2024-02-12,2024-05-12,old.cyber-ed.ru,old.cyber-ed.ru,"C=US, O=Let's Encrypt, CN=R3"
12055691043,2024-02-12,2024-02-12,2024-05-12,old.cyber-ed.ru,old.cyber-ed.ru,"C=US, O=Let's Encrypt, CN=R3"
12056020445,2024-02-12,2024-02-12,2024-05-12,cyber-ed.ru,"cyber-ed.ru
www.cyber-ed.ru","C=US, O=Let's Encrypt, CN=R3"
12056026192,2024-02-12,2024-02-12,2024-05-12,cyber-ed.ru,"cyber-ed.ru
www.cyber-ed.ru","C=US, O=Let's Encrypt, CN=R3"
12135701092,2024-02-20,2024-02-20,2024-05-20,lmstest.cyber-ed.ru,lmstest.cyber-ed.ru,"C=US, O=Let's Encrypt, CN=R3"
12135709530,2024-02-20,2024-02-20,2024-05-20,lmstest.cyber-ed.ru,lmstest.cyber-ed.ru,"C=US, O=Let's Encrypt, CN=R3"
12136946156,2024-02-20,2024-02-20,2024-05-20,connect.cyber-ed.ru,connect.cyber-ed.ru,"C=US, O=Let's Encrypt, CN=R3"
12136950274,2024-02-20,2024-02-20,2024-05-20,connect.cyber-ed.ru,connect.cyber-ed.ru,"C=US, O=Let's Encrypt, CN=R3"
12148700612,2024-02-21,2024-02-21,2024-05-21,matterm.cyber-ed.ru,matterm.cyber-ed.ru,"C=US, O=Let's Encrypt, CN=R3"
12148704568,2024-02-21,2024-02-21,2024-05-21,matterm.cyber-ed.ru,matterm.cyber-ed.ru,"C=US, O=Let's Encrypt, CN=R3"
12153320955,2024-02-22,2024-02-22,2024-05-22,gitlab.cyber-ed.ru,gitlab.cyber-ed.ru,"C=US, O=Let's Encrypt, CN=R3"
12153325886,2024-02-22,2024-02-22,2024-05-22,gitlab.cyber-ed.ru,gitlab.cyber-ed.ru,"C=US, O=Let's Encrypt, CN=R3"
12238859352,2024-03-01,2024-03-01,2024-05-30,old.cyber-ed.ru,old.cyber-ed.ru,"C=US, O=Let's Encrypt, CN=R3"
12238863609,2024-03-01,2024-03-01,2024-05-30,old.cyber-ed.ru,old.cyber-ed.ru,"C=US, O=Let's Encrypt, CN=R3"
12248880598,2024-03-02,2024-03-02,2024-05-31,cyber-ed.ru,"cyber-ed.ru
www.cyber-ed.ru","C=US, O=Let's Encrypt, CN=R3"
12248883026,2024-03-02,2024-03-02,2024-05-31,cyber-ed.ru,"cyber-ed.ru
www.cyber-ed.ru","C=US, O=Let's Encrypt, CN=R3"
12301873152,2024-03-07,2024-03-07,2024-06-05,briefs.cyber-ed.ru,briefs.cyber-ed.ru,"C=US, O=Let's Encrypt, CN=R3"
12301871111,2024-03-07,2024-03-07,2024-06-05,briefs.cyber-ed.ru,briefs.cyber-ed.ru,"C=US, O=Let's Encrypt, CN=R3"
12369275416,2024-03-13,2024-03-13,2024-06-11,event.cyber-ed.ru,event.cyber-ed.ru,"C=US, O=Let's Encrypt, CN=R3"
12369278988,2024-03-13,2024-03-13,2024-06-11,event.cyber-ed.ru,event.cyber-ed.ru,"C=US, O=Let's Encrypt, CN=R3"
12380962986,2024-03-14,2024-03-14,2024-06-12,cyber-ed.ru,"cyber-ed.ru
www.cyber-ed.ru","C=US, O=Let's Encrypt, CN=R3"
12380966360,2024-03-14,2024-03-14,2024-06-12,cyber-ed.ru,"cyber-ed.ru
www.cyber-ed.ru","C=US, O=Let's Encrypt, CN=R3"
12534988785,2024-03-27,2024-03-27,2024-06-25,lms.cyber-ed.ru,lms.cyber-ed.ru,"C=US, O=Let's Encrypt, CN=R3"
12555958506,2024-03-27,2024-03-27,2024-06-25,lms.cyber-ed.ru,lms.cyber-ed.ru,"C=US, O=Let's Encrypt, CN=R3"
12514728762,2024-03-28,2024-03-28,2024-06-26,cyber-ed.ru,"cyber-ed.ru
www.cyber-ed.ru","C=US, O=Let's Encrypt, CN=R3"
12522488382,2024-03-28,2024-03-28,2024-06-26,cyber-ed.ru,"cyber-ed.ru
www.cyber-ed.ru","C=US, O=Let's Encrypt, CN=R3"
12540640750,2024-03-30,2024-03-30,2024-06-28,event.cyber-ed.ru,event.cyber-ed.ru,"C=US, O=Let's Encrypt, CN=R3"
12597806510,2024-03-30,2024-03-30,2024-06-28,event.cyber-ed.ru,event.cyber-ed.ru,"C=US, O=Let's Encrypt, CN=R3"
12542392795,2024-03-30,2024-03-30,2024-06-28,old.cyber-ed.ru,old.cyber-ed.ru,"C=US, O=Let's Encrypt, CN=R3"
12599057523,2024-03-30,2024-03-30,2024-06-28,old.cyber-ed.ru,old.cyber-ed.ru,"C=US, O=Let's Encrypt, CN=R3"
12661695469,2024-04-08,2024-04-08,2024-07-07,old.cyber-ed.ru,old.cyber-ed.ru,"C=US, O=Let's Encrypt, CN=R3"
12661702222,2024-04-08,2024-04-08,2024-07-07,old.cyber-ed.ru,old.cyber-ed.ru,"C=US, O=Let's Encrypt, CN=R3"
12688276166,2024-04-11,2024-04-11,2024-07-10,cyber-ed.ru,"cyber-ed.ru
www.cyber-ed.ru","C=US, O=Let's Encrypt, CN=R3"
12688277911,2024-04-11,2024-04-11,2024-07-10,cyber-ed.ru,"cyber-ed.ru
www.cyber-ed.ru","C=US, O=Let's Encrypt, CN=R3"
12723979401,2024-04-14,2024-04-14,2024-07-13,one-task.cyber-ed.ru,one-task.cyber-ed.ru,"C=US, O=Let's Encrypt, CN=R3"
12723971583,2024-04-14,2024-04-14,2024-07-13,one-task.cyber-ed.ru,one-task.cyber-ed.ru,"C=US, O=Let's Encrypt, CN=R3"
12789355979,2024-04-20,2024-04-20,2024-07-19,lmstest.cyber-ed.ru,lmstest.cyber-ed.ru,"C=US, O=Let's Encrypt, CN=R3"
12789367568,2024-04-20,2024-04-20,2024-07-19,lmstest.cyber-ed.ru,lmstest.cyber-ed.ru,"C=US, O=Let's Encrypt, CN=R3"
12796848223,2024-04-21,2024-04-21,2024-07-20,old.cyber-ed.ru,old.cyber-ed.ru,"C=US, O=Let's Encrypt, CN=R3"
12796852509,2024-04-21,2024-04-21,2024-07-20,old.cyber-ed.ru,old.cyber-ed.ru,"C=US, O=Let's Encrypt, CN=R3"
12801814064,2024-04-21,2024-04-21,2024-07-20,matterm.cyber-ed.ru,matterm.cyber-ed.ru,"C=US, O=Let's Encrypt, CN=R3"
12801810420,2024-04-21,2024-04-21,2024-07-20,matterm.cyber-ed.ru,matterm.cyber-ed.ru,"C=US, O=Let's Encrypt, CN=R3"
12807272956,2024-04-22,2024-04-22,2024-07-21,gitlab.cyber-ed.ru,gitlab.cyber-ed.ru,"C=US, O=Let's Encrypt, CN=R3"
12807272875,2024-04-22,2024-04-22,2024-07-21,gitlab.cyber-ed.ru,gitlab.cyber-ed.ru,"C=US, O=Let's Encrypt, CN=R3"
12824100398,2024-04-23,2024-04-23,2024-07-22,cyber-ed.ru,"cyber-ed.ru
www.cyber-ed.ru","C=US, O=Let's Encrypt, CN=R3"
12824112017,2024-04-23,2024-04-23,2024-07-22,cyber-ed.ru,"cyber-ed.ru
www.cyber-ed.ru","C=US, O=Let's Encrypt, CN=R3"
12831379665,2024-04-24,2024-04-24,2024-07-23,cyber-ed.ru,"cyber-ed.ru
www.cyber-ed.ru","C=US, O=Let's Encrypt, CN=R3"
12831376240,2024-04-24,2024-04-24,2024-07-23,cyber-ed.ru,"cyber-ed.ru
www.cyber-ed.ru","C=US, O=Let's Encrypt, CN=R3"
12859555577,2024-04-26,2024-04-26,2024-07-25,learn.cyber-ed.ru,learn.cyber-ed.ru,"C=US, O=Let's Encrypt, CN=R3"
12859561608,2024-04-26,2024-04-26,2024-07-25,learn.cyber-ed.ru,learn.cyber-ed.ru,"C=US, O=Let's Encrypt, CN=R3"
12947694869,2024-05-04,2024-05-04,2024-08-02,event.cyber-ed.ru,event.cyber-ed.ru,"C=US, O=Let's Encrypt, CN=R3"
12947703808,2024-05-04,2024-05-04,2024-08-02,event.cyber-ed.ru,event.cyber-ed.ru,"C=US, O=Let's Encrypt, CN=R3"
12968403726,2024-05-06,2024-05-06,2024-08-04,cyber-ed.ru,"cyber-ed.ru
www.cyber-ed.ru","C=US, O=Let's Encrypt, CN=R3"
12968410503,2024-05-06,2024-05-06,2024-08-04,cyber-ed.ru,"cyber-ed.ru
www.cyber-ed.ru","C=US, O=Let's Encrypt, CN=R3"
13135958412,2024-05-22,2024-05-22,2024-08-20,test.cyber-ed.ru,test.cyber-ed.ru,"C=US, O=Let's Encrypt, CN=R3"
13135845136,2024-05-22,2024-05-22,2024-08-20,test.cyber-ed.ru,test.cyber-ed.ru,"C=US, O=Let's Encrypt, CN=R3"
13150934678,2024-05-23,2024-05-23,2024-08-21,cyber-ed.ru,"cyber-ed.ru
www.cyber-ed.ru","C=US, O=Let's Encrypt, CN=R3"
13158692521,2024-05-23,2024-05-23,2024-08-21,cyber-ed.ru,"cyber-ed.ru
www.cyber-ed.ru","C=US, O=Let's Encrypt, CN=R3"
13181827527,2024-05-26,2024-05-26,2024-08-24,lms.cyber-ed.ru,lms.cyber-ed.ru,"C=US, O=Let's Encrypt, CN=R3"
13181831988,2024-05-26,2024-05-26,2024-08-24,lms.cyber-ed.ru,lms.cyber-ed.ru,"C=US, O=Let's Encrypt, CN=R3"
13295000132,2024-06-05,2024-06-05,2024-09-03,cyber-ed.ru,"cyber-ed.ru
www.cyber-ed.ru","C=US, O=Let's Encrypt, CN=R3"
13294996487,2024-06-05,2024-06-05,2024-09-03,cyber-ed.ru,"cyber-ed.ru
www.cyber-ed.ru","C=US, O=Let's Encrypt, CN=R3"
13315512473,2024-06-07,2024-06-07,2024-09-05,test.cyber-ed.ru,test.cyber-ed.ru,"C=US, O=Let's Encrypt, CN=R11"
13315521711,2024-06-07,2024-06-07,2024-09-05,test.cyber-ed.ru,test.cyber-ed.ru,"C=US, O=Let's Encrypt, CN=R11"
13342474528,2024-06-10,2024-06-10,2024-09-08,event.cyber-ed.ru,event.cyber-ed.ru,"C=US, O=Let's Encrypt, CN=R10"
13342478411,2024-06-10,2024-06-10,2024-09-08,event.cyber-ed.ru,event.cyber-ed.ru,"C=US, O=Let's Encrypt, CN=R10"
13381829616,2024-06-13,2024-06-13,2024-09-11,one-task.cyber-ed.ru,one-task.cyber-ed.ru,"C=US, O=Let's Encrypt, CN=E6"
13381826818,2024-06-13,2024-06-13,2024-09-11,one-task.cyber-ed.ru,one-task.cyber-ed.ru,"C=US, O=Let's Encrypt, CN=E6"
13445510374,2024-06-19,2024-06-19,2024-09-17,wiki.cyber-ed.ru,wiki.cyber-ed.ru,"C=US, O=Let's Encrypt, CN=R11"
13445502680,2024-06-19,2024-06-19,2024-09-17,wiki.cyber-ed.ru,wiki.cyber-ed.ru,"C=US, O=Let's Encrypt, CN=R11"
13447075075,2024-06-19,2024-06-19,2024-09-17,wiki.cyber-ed.ru,wiki.cyber-ed.ru,"C=US, O=Let's Encrypt, CN=R11"
13447076760,2024-06-19,2024-06-19,2024-09-17,wiki.cyber-ed.ru,wiki.cyber-ed.ru,"C=US, O=Let's Encrypt, CN=R11"
13450653895,2024-06-20,2024-06-20,2024-09-18,test.cyber-ed.ru,test.cyber-ed.ru,"C=US, O=Let's Encrypt, CN=R11"
13450657627,2024-06-20,2024-06-20,2024-09-18,test.cyber-ed.ru,test.cyber-ed.ru,"C=US, O=Let's Encrypt, CN=R11"
13452735687,2024-06-20,2024-06-20,2024-09-18,wiki.cyber-ed.ru,wiki.cyber-ed.ru,"C=US, O=Let's Encrypt, CN=R10"
13452750118,2024-06-20,2024-06-20,2024-09-18,wiki.cyber-ed.ru,wiki.cyber-ed.ru,"C=US, O=Let's Encrypt, CN=R10"
13454293765,2024-06-20,2024-06-20,2024-09-18,wiki.cyber-ed.ru,wiki.cyber-ed.ru,"C=US, O=Let's Encrypt, CN=R10"
13454291394,2024-06-20,2024-06-20,2024-09-18,wiki.cyber-ed.ru,wiki.cyber-ed.ru,"C=US, O=Let's Encrypt, CN=R10"
13456963370,2024-06-20,2024-06-20,2024-09-18,matterm.cyber-ed.ru,matterm.cyber-ed.ru,"C=US, O=Let's Encrypt, CN=R11"
13456964865,2024-06-20,2024-06-20,2024-09-18,matterm.cyber-ed.ru,matterm.cyber-ed.ru,"C=US, O=Let's Encrypt, CN=R11"
13458746453,2024-06-20,2024-06-20,2024-09-18,cyber-ed.ru,"cyber-ed.ru
www.cyber-ed.ru","C=US, O=Let's Encrypt, CN=R10"
13458755270,2024-06-20,2024-06-20,2024-09-18,cyber-ed.ru,"cyber-ed.ru
www.cyber-ed.ru","C=US, O=Let's Encrypt, CN=R10"
13473405186,2024-06-22,2024-06-22,2024-09-20,gitlab.cyber-ed.ru,gitlab.cyber-ed.ru,"C=US, O=Let's Encrypt, CN=R11"
13474572900,2024-06-22,2024-06-22,2024-09-20,gitlab.cyber-ed.ru,gitlab.cyber-ed.ru,"C=US, O=Let's Encrypt, CN=R11"
13512688379,2024-06-25,2024-06-25,2024-09-23,learn.cyber-ed.ru,learn.cyber-ed.ru,"C=US, O=Let's Encrypt, CN=R10"
13512697869,2024-06-25,2024-06-25,2024-09-23,learn.cyber-ed.ru,learn.cyber-ed.ru,"C=US, O=Let's Encrypt, CN=R10"
13600076294,2024-07-03,2024-07-03,2024-10-01,cyber-ed.ru,"cyber-ed.ru
www.cyber-ed.ru","C=US, O=Let's Encrypt, CN=R10"
13600077209,2024-07-03,2024-07-03,2024-10-01,cyber-ed.ru,"cyber-ed.ru
www.cyber-ed.ru","C=US, O=Let's Encrypt, CN=R10"
13635888693,2024-07-04,2024-07-04,2024-10-02,monitoring.cyber-ed.ru,monitoring.cyber-ed.ru,"C=US, O=Let's Encrypt, CN=R11"
13611174480,2024-07-04,2024-07-04,2024-10-02,monitoring.cyber-ed.ru,monitoring.cyber-ed.ru,"C=US, O=Let's Encrypt, CN=R11"
13642260731,2024-07-07,2024-07-07,2024-10-05,event.cyber-ed.ru,event.cyber-ed.ru,"C=US, O=Let's Encrypt, CN=R10"
13670920714,2024-07-07,2024-07-07,2024-10-05,event.cyber-ed.ru,event.cyber-ed.ru,"C=US, O=Let's Encrypt, CN=R10"
13667765740,2024-07-09,2024-07-09,2024-10-07,cyber-ed.ru,"cyber-ed.ru
www.cyber-ed.ru","C=US, O=Let's Encrypt, CN=R11"
13698534907,2024-07-09,2024-07-09,2024-10-07,cyber-ed.ru,"cyber-ed.ru
www.cyber-ed.ru","C=US, O=Let's Encrypt, CN=R11"
13678859743,2024-07-10,2024-07-10,2024-10-08,cyber-ed.ru,"cyber-ed.ru
www.cyber-ed.ru","C=US, O=Let's Encrypt, CN=R11"
13712006596,2024-07-10,2024-07-10,2024-10-08,cyber-ed.ru,"cyber-ed.ru
www.cyber-ed.ru","C=US, O=Let's Encrypt, CN=R11"
13706880860,2024-07-12,2024-07-12,2024-10-10,test.cyber-ed.ru,test.cyber-ed.ru,"C=US, O=Let's Encrypt, CN=R11"
13706883225,2024-07-12,2024-07-12,2024-10-10,test.cyber-ed.ru,test.cyber-ed.ru,"C=US, O=Let's Encrypt, CN=R11"
13742091946,2024-07-15,2024-07-15,2024-10-13,cyber-ed.ru,"cyber-ed.ru
www.cyber-ed.ru","C=US, O=Let's Encrypt, CN=R11"
13761148315,2024-07-15,2024-07-15,2024-10-13,cyber-ed.ru,"cyber-ed.ru
www.cyber-ed.ru","C=US, O=Let's Encrypt, CN=R11"
13819535986,2024-07-20,2024-07-20,2024-10-18,event.cyber-ed.ru,event.cyber-ed.ru,"C=US, O=Let's Encrypt, CN=R10"
13821216993,2024-07-20,2024-07-20,2024-10-18,event.cyber-ed.ru,event.cyber-ed.ru,"C=US, O=Let's Encrypt, CN=R10"
13851123937,2024-07-23,2024-07-23,2024-10-21,blue.cyber-ed.ru,blue.cyber-ed.ru,"C=US, O=Let's Encrypt, CN=R11"
13851141293,2024-07-23,2024-07-23,2024-10-21,blue.cyber-ed.ru,blue.cyber-ed.ru,"C=US, O=Let's Encrypt, CN=R11"
13867915515,2024-07-24,2024-07-24,2024-10-22,test.cyber-ed.ru,test.cyber-ed.ru,"C=US, O=Let's Encrypt, CN=R11"
13868907211,2024-07-24,2024-07-24,2024-10-22,test.cyber-ed.ru,test.cyber-ed.ru,"C=US, O=Let's Encrypt, CN=R11"
13875863620,2024-07-25,2024-07-25,2024-10-23,lms.cyber-ed.ru,lms.cyber-ed.ru,"C=US, O=Let's Encrypt, CN=R11"
13877066806,2024-07-25,2024-07-25,2024-10-23,lms.cyber-ed.ru,lms.cyber-ed.ru,"C=US, O=Let's Encrypt, CN=R11"
13907976598,2024-07-27,2024-07-27,2024-10-25,qr-admin.cyber-ed.ru,qr-admin.cyber-ed.ru,"C=US, O=Let's Encrypt, CN=R10"
13983613411,2024-07-27,2024-07-27,2024-10-25,qr-admin.cyber-ed.ru,qr-admin.cyber-ed.ru,"C=US, O=Let's Encrypt, CN=R10"
13908045796,2024-07-27,2024-07-27,2024-10-25,qr-front.cyber-ed.ru,qr-front.cyber-ed.ru,"C=US, O=Let's Encrypt, CN=R10"
13913200479,2024-07-27,2024-07-27,2024-10-25,qr-front.cyber-ed.ru,qr-front.cyber-ed.ru,"C=US, O=Let's Encrypt, CN=R10"
13911708698,2024-07-27,2024-07-27,2024-10-25,qr-api.cyber-ed.ru,qr-api.cyber-ed.ru,"C=US, O=Let's Encrypt, CN=R11"
13983837096,2024-07-27,2024-07-27,2024-10-25,qr-api.cyber-ed.ru,qr-api.cyber-ed.ru,"C=US, O=Let's Encrypt, CN=R11"
13925489317,2024-07-29,2024-07-29,2024-10-27,cyber-ed.ru,"cyber-ed.ru
www.cyber-ed.ru","C=US, O=Let's Encrypt, CN=R11"
14022604715,2024-07-29,2024-07-29,2024-10-27,cyber-ed.ru,"cyber-ed.ru
www.cyber-ed.ru","C=US, O=Let's Encrypt, CN=R11"
13980421726,2024-08-02,2024-08-02,2024-10-31,labs.cyber-ed.ru,labs.cyber-ed.ru,"C=US, O=Let's Encrypt, CN=R11"
14068388809,2024-08-02,2024-08-02,2024-10-31,labs.cyber-ed.ru,labs.cyber-ed.ru,"C=US, O=Let's Encrypt, CN=R11"
14062613178,2024-08-07,2024-08-07,2024-11-05,blue.cyber-ed.ru,blue.cyber-ed.ru,"C=US, O=Let's Encrypt, CN=R10"
14039677053,2024-08-07,2024-08-07,2024-11-05,blue.cyber-ed.ru,blue.cyber-ed.ru,"C=US, O=Let's Encrypt, CN=R10"
14081442158,2024-08-09,2024-08-09,2024-11-07,test.cyber-ed.ru,test.cyber-ed.ru,"C=US, O=Let's Encrypt, CN=R11"
14133522044,2024-08-09,2024-08-09,2024-11-07,test.cyber-ed.ru,test.cyber-ed.ru,"C=US, O=Let's Encrypt, CN=R11"
14058479099,2024-08-09,2024-08-09,2024-11-07,labs.dev.cyber-ed.ru,labs.dev.cyber-ed.ru,"C=US, O=Let's Encrypt, CN=R11"
14133608374,2024-08-09,2024-08-09,2024-11-07,labs.dev.cyber-ed.ru,labs.dev.cyber-ed.ru,"C=US, O=Let's Encrypt, CN=R11"
14101551894,2024-08-12,2024-08-12,2024-11-10,cyber-ed.ru,"cyber-ed.ru
www.cyber-ed.ru","C=US, O=Let's Encrypt, CN=R11"
14155015806,2024-08-12,2024-08-12,2024-11-10,cyber-ed.ru,"cyber-ed.ru
www.cyber-ed.ru","C=US, O=Let's Encrypt, CN=R11"
14110237152,2024-08-12,2024-08-12,2024-11-10,one-task.cyber-ed.ru,one-task.cyber-ed.ru,"C=US, O=Let's Encrypt, CN=E6"
14111042968,2024-08-12,2024-08-12,2024-11-10,one-task.cyber-ed.ru,one-task.cyber-ed.ru,"C=US, O=Let's Encrypt, CN=E6"
14205158241,2024-08-19,2024-08-19,2024-11-17,devsec.cyber-ed.ru,devsec.cyber-ed.ru,"C=US, O=Let's Encrypt, CN=R10"
14230354187,2024-08-19,2024-08-19,2024-11-17,devsec.cyber-ed.ru,devsec.cyber-ed.ru,"C=US, O=Let's Encrypt, CN=R10"
14206716440,2024-08-19,2024-08-19,2024-11-17,wiki.cyber-ed.ru,wiki.cyber-ed.ru,"C=US, O=Let's Encrypt, CN=R10"
14232512178,2024-08-19,2024-08-19,2024-11-17,wiki.cyber-ed.ru,wiki.cyber-ed.ru,"C=US, O=Let's Encrypt, CN=R10"
14215307791,2024-08-19,2024-08-19,2024-11-17,blue.cyber-ed.ru,blue.cyber-ed.ru,"C=US, O=Let's Encrypt, CN=R10"
14235947738,2024-08-19,2024-08-19,2024-11-17,blue.cyber-ed.ru,blue.cyber-ed.ru,"C=US, O=Let's Encrypt, CN=R10"
14210792462,2024-08-19,2024-08-19,2024-11-17,matterm.cyber-ed.ru,matterm.cyber-ed.ru,"C=US, O=Let's Encrypt, CN=R11"
14237543873,2024-08-19,2024-08-19,2024-11-17,matterm.cyber-ed.ru,matterm.cyber-ed.ru,"C=US, O=Let's Encrypt, CN=R11"
14237304989,2024-08-22,2024-08-22,2024-11-20,gitlab.cyber-ed.ru,gitlab.cyber-ed.ru,"C=US, O=Let's Encrypt, CN=R10"
14266066897,2024-08-22,2024-08-22,2024-11-20,gitlab.cyber-ed.ru,gitlab.cyber-ed.ru,"C=US, O=Let's Encrypt, CN=R10"
14272071606,2024-08-24,2024-08-24,2024-11-22,learn.cyber-ed.ru,learn.cyber-ed.ru,"C=US, O=Let's Encrypt, CN=R10"
14289558525,2024-08-24,2024-08-24,2024-11-22,learn.cyber-ed.ru,learn.cyber-ed.ru,"C=US, O=Let's Encrypt, CN=R10"
14320672446,2024-08-27,2024-08-27,2024-11-25,cyber-ed.ru,"cyber-ed.ru
www.cyber-ed.ru","C=US, O=Let's Encrypt, CN=R10"
14321345268,2024-08-27,2024-08-27,2024-11-25,cyber-ed.ru,"cyber-ed.ru
www.cyber-ed.ru","C=US, O=Let's Encrypt, CN=R10"
14349328780,2024-08-29,2024-08-29,2024-11-27,test.cyber-ed.ru,test.cyber-ed.ru,"C=US, O=Let's Encrypt, CN=R10"
14349330030,2024-08-29,2024-08-29,2024-11-27,test.cyber-ed.ru,test.cyber-ed.ru,"C=US, O=Let's Encrypt, CN=R10"
14406410617,2024-09-03,2024-09-02,2024-12-01,monitoring.cyber-ed.ru,monitoring.cyber-ed.ru,"C=US, O=Let's Encrypt, CN=R10"
14406522345,2024-09-03,2024-09-02,2024-12-01,monitoring.cyber-ed.ru,monitoring.cyber-ed.ru,"C=US, O=Let's Encrypt, CN=R10"
14429706670,2024-09-04,2024-09-04,2024-12-03,event.cyber-ed.ru,event.cyber-ed.ru,"C=US, O=Let's Encrypt, CN=R11"
14429706655,2024-09-04,2024-09-04,2024-12-03,event.cyber-ed.ru,event.cyber-ed.ru,"C=US, O=Let's Encrypt, CN=R11"
14452954656,2024-09-06,2024-09-06,2024-12-05,devsec.cyber-ed.ru,devsec.cyber-ed.ru,"C=US, O=Let's Encrypt, CN=R10"
14452962954,2024-09-06,2024-09-06,2024-12-05,devsec.cyber-ed.ru,devsec.cyber-ed.ru,"C=US, O=Let's Encrypt, CN=R10"
14481510527,2024-09-08,2024-09-08,2024-12-07,blue.cyber-ed.ru,blue.cyber-ed.ru,"C=US, O=Let's Encrypt, CN=R11"
14481511165,2024-09-08,2024-09-08,2024-12-07,blue.cyber-ed.ru,blue.cyber-ed.ru,"C=US, O=Let's Encrypt, CN=R11"
14511889376,2024-09-11,2024-09-11,2024-12-10,test.cyber-ed.ru,test.cyber-ed.ru,"C=US, O=Let's Encrypt, CN=R10"
14511891385,2024-09-11,2024-09-11,2024-12-10,test.cyber-ed.ru,test.cyber-ed.ru,"C=US, O=Let's Encrypt, CN=R10"
14515867687,2024-09-11,2024-09-11,2024-12-10,lms-test.cyber-ed.ru,lms-test.cyber-ed.ru,"C=US, O=Let's Encrypt, CN=R10"
14515864057,2024-09-11,2024-09-11,2024-12-10,lms-test.cyber-ed.ru,lms-test.cyber-ed.ru,"C=US, O=Let's Encrypt, CN=R10"
14584983684,2024-09-17,2024-09-17,2024-12-16,red.cyber-ed.ru,red.cyber-ed.ru,"C=US, O=Let's Encrypt, CN=R11"
14584988255,2024-09-17,2024-09-17,2024-12-16,red.cyber-ed.ru,red.cyber-ed.ru,"C=US, O=Let's Encrypt, CN=R11"
14585042049,2024-09-17,2024-09-17,2024-12-16,web.cyber-ed.ru,web.cyber-ed.ru,"C=US, O=Let's Encrypt, CN=R11"
14585041079,2024-09-17,2024-09-17,2024-12-16,web.cyber-ed.ru,web.cyber-ed.ru,"C=US, O=Let's Encrypt, CN=R11"
14600221580,2024-09-18,2024-09-18,2024-12-17,infrastructure.cyber-ed.ru,infrastructure.cyber-ed.ru,"C=US, O=Let's Encrypt, CN=R11"
14600231462,2024-09-18,2024-09-18,2024-12-17,infrastructure.cyber-ed.ru,infrastructure.cyber-ed.ru,"C=US, O=Let's Encrypt, CN=R11"
14608420530,2024-09-19,2024-09-19,2024-12-18,devsec.cyber-ed.ru,devsec.cyber-ed.ru,"C=US, O=Let's Encrypt, CN=R11"
14608417206,2024-09-19,2024-09-19,2024-12-18,devsec.cyber-ed.ru,devsec.cyber-ed.ru,"C=US, O=Let's Encrypt, CN=R11"
14646098015,2024-09-22,2024-09-22,2024-12-21,cyber-ed.ru,"cyber-ed.ru
www.cyber-ed.ru","C=US, O=Let's Encrypt, CN=R10"
14648152276,2024-09-22,2024-09-22,2024-12-21,cyber-ed.ru,"cyber-ed.ru
www.cyber-ed.ru","C=US, O=Let's Encrypt, CN=R10"
14658815921,2024-09-23,2024-09-23,2024-12-22,itpentest.cyber-ed.ru,itpentest.cyber-ed.ru,"C=US, O=Let's Encrypt, CN=R11"
14658827623,2024-09-23,2024-09-23,2024-12-22,itpentest.cyber-ed.ru,itpentest.cyber-ed.ru,"C=US, O=Let's Encrypt, CN=R11"
14658896724,2024-09-23,2024-09-23,2024-12-22,specialist.cyber-ed.ru,specialist.cyber-ed.ru,"C=US, O=Let's Encrypt, CN=R11"
14658906254,2024-09-23,2024-09-23,2024-12-22,specialist.cyber-ed.ru,specialist.cyber-ed.ru,"C=US, O=Let's Encrypt, CN=R11"
14659638726,2024-09-23,2024-09-23,2024-12-22,blue.cyber-ed.ru,blue.cyber-ed.ru,"C=US, O=Let's Encrypt, CN=R10"
14659647251,2024-09-23,2024-09-23,2024-12-22,blue.cyber-ed.ru,blue.cyber-ed.ru,"C=US, O=Let's Encrypt, CN=R10"
14661228754,2024-09-23,2024-09-23,2024-12-22,lms.cyber-ed.ru,lms.cyber-ed.ru,"C=US, O=Let's Encrypt, CN=R10"
14661233104,2024-09-23,2024-09-23,2024-12-22,lms.cyber-ed.ru,lms.cyber-ed.ru,"C=US, O=Let's Encrypt, CN=R10"
14666787665,2024-09-24,2024-09-24,2024-12-23,cyber-ed.ru,"cyber-ed.ru
www.cyber-ed.ru","C=US, O=Let's Encrypt, CN=R10"
14666796397,2024-09-24,2024-09-24,2024-12-23,cyber-ed.ru,"cyber-ed.ru
www.cyber-ed.ru","C=US, O=Let's Encrypt, CN=R10"
14675585041,2024-09-24,2024-09-24,2024-12-23,test.cyber-ed.ru,test.cyber-ed.ru,"C=US, O=Let's Encrypt, CN=R10"
14675575201,2024-09-24,2024-09-24,2024-12-23,test.cyber-ed.ru,test.cyber-ed.ru,"C=US, O=Let's Encrypt, CN=R10"
14684587835,2024-09-25,2024-09-25,2024-12-24,qr-admin.cyber-ed.ru,qr-admin.cyber-ed.ru,"C=US, O=Let's Encrypt, CN=R10"
14684584948,2024-09-25,2024-09-25,2024-12-24,qr-admin.cyber-ed.ru,qr-admin.cyber-ed.ru,"C=US, O=Let's Encrypt, CN=R10"
14684586396,2024-09-25,2024-09-25,2024-12-24,qr-api.cyber-ed.ru,qr-api.cyber-ed.ru,"C=US, O=Let's Encrypt, CN=R10"
14684586389,2024-09-25,2024-09-25,2024-12-24,qr-api.cyber-ed.ru,qr-api.cyber-ed.ru,"C=US, O=Let's Encrypt, CN=R10"
14684582215,2024-09-25,2024-09-25,2024-12-24,qr-front.cyber-ed.ru,qr-front.cyber-ed.ru,"C=US, O=Let's Encrypt, CN=R11"
14684588225,2024-09-25,2024-09-25,2024-12-24,qr-front.cyber-ed.ru,qr-front.cyber-ed.ru,"C=US, O=Let's Encrypt, CN=R11"
14754617421,2024-10-01,2024-10-01,2024-12-30,devsec.cyber-ed.ru,devsec.cyber-ed.ru,"C=US, O=Let's Encrypt, CN=R10"
14754629381,2024-10-01,2024-10-01,2024-12-30,devsec.cyber-ed.ru,devsec.cyber-ed.ru,"C=US, O=Let's Encrypt, CN=R10"
14767844736,2024-10-02,2024-10-02,2024-12-31,red.cyber-ed.ru,red.cyber-ed.ru,"C=US, O=Let's Encrypt, CN=R11"
14767851353,2024-10-02,2024-10-02,2024-12-31,red.cyber-ed.ru,red.cyber-ed.ru,"C=US, O=Let's Encrypt, CN=R11"
14793266856,2024-10-04,2024-10-04,2025-01-02,cyber-ed.ru,"cyber-ed.ru
www.cyber-ed.ru","C=US, O=Let's Encrypt, CN=R10"
14793277696,2024-10-04,2024-10-04,2025-01-02,cyber-ed.ru,"cyber-ed.ru
www.cyber-ed.ru","C=US, O=Let's Encrypt, CN=R10"
14811960382,2024-10-05,2024-10-05,2025-01-03,web.cyber-ed.ru,web.cyber-ed.ru,"C=US, O=Let's Encrypt, CN=R10"
14811962905,2024-10-05,2024-10-05,2025-01-03,web.cyber-ed.ru,web.cyber-ed.ru,"C=US, O=Let's Encrypt, CN=R10"
14812882768,2024-10-05,2024-10-05,2025-01-03,itpentest.cyber-ed.ru,itpentest.cyber-ed.ru,"C=US, O=Let's Encrypt, CN=R11"
14812892059,2024-10-05,2024-10-05,2025-01-03,itpentest.cyber-ed.ru,itpentest.cyber-ed.ru,"C=US, O=Let's Encrypt, CN=R11"
14893474372,2024-10-11,2024-10-11,2025-01-09,one-task.cyber-ed.ru,one-task.cyber-ed.ru,"C=US, O=Let's Encrypt, CN=E6"
14893487287,2024-10-11,2024-10-11,2025-01-09,one-task.cyber-ed.ru,one-task.cyber-ed.ru,"C=US, O=Let's Encrypt, CN=E6"
14939647461,2024-10-15,2024-10-15,2025-01-13,devsec.cyber-ed.ru,devsec.cyber-ed.ru,"C=US, O=Let's Encrypt, CN=R11"
14939649803,2024-10-15,2024-10-15,2025-01-13,devsec.cyber-ed.ru,devsec.cyber-ed.ru,"C=US, O=Let's Encrypt, CN=R11"
14949051055,2024-10-15,2024-10-15,2025-01-13,red.cyber-ed.ru,red.cyber-ed.ru,"C=US, O=Let's Encrypt, CN=R11"
14949062102,2024-10-15,2024-10-15,2025-01-13,red.cyber-ed.ru,red.cyber-ed.ru,"C=US, O=Let's Encrypt, CN=R11"
14960472415,2024-10-16,2024-10-16,2025-01-14,cyber-ed.ru,"cyber-ed.ru
www.cyber-ed.ru","C=US, O=Let's Encrypt, CN=R10"
14960498096,2024-10-16,2024-10-16,2025-01-14,cyber-ed.ru,"cyber-ed.ru
www.cyber-ed.ru","C=US, O=Let's Encrypt, CN=R10"
14975222927,2024-10-17,2024-10-17,2025-01-15,web.cyber-ed.ru,web.cyber-ed.ru,"C=US, O=Let's Encrypt, CN=R10"
14975236543,2024-10-17,2024-10-17,2025-01-15,web.cyber-ed.ru,web.cyber-ed.ru,"C=US, O=Let's Encrypt, CN=R10"
14988408767,2024-10-18,2024-10-18,2025-01-16,wiki.cyber-ed.ru,wiki.cyber-ed.ru,"C=US, O=Let's Encrypt, CN=R10"
14988430913,2024-10-18,2024-10-18,2025-01-16,wiki.cyber-ed.ru,wiki.cyber-ed.ru,"C=US, O=Let's Encrypt, CN=R10"
14995333489,2024-10-19,2024-10-19,2025-01-17,matterm.cyber-ed.ru,matterm.cyber-ed.ru,"C=US, O=Let's Encrypt, CN=R10"
14995333227,2024-10-19,2024-10-19,2025-01-17,matterm.cyber-ed.ru,matterm.cyber-ed.ru,"C=US, O=Let's Encrypt, CN=R10"
15024590827,2024-10-21,2024-10-21,2025-01-19,labs.dev.cyber-ed.ru,labs.dev.cyber-ed.ru,"C=US, O=Let's Encrypt, CN=R11"
15024586266,2024-10-21,2024-10-21,2025-01-19,labs.dev.cyber-ed.ru,labs.dev.cyber-ed.ru,"C=US, O=Let's Encrypt, CN=R11"
15027245127,2024-10-21,2024-10-21,2025-01-19,infrastructure.cyber-ed.ru,infrastructure.cyber-ed.ru,"C=US, O=Let's Encrypt, CN=R11"
15027246541,2024-10-21,2024-10-21,2025-01-19,infrastructure.cyber-ed.ru,infrastructure.cyber-ed.ru,"C=US, O=Let's Encrypt, CN=R11"
15059650389,2024-10-23,2024-10-23,2025-01-21,learn.cyber-ed.ru,learn.cyber-ed.ru,"C=US, O=Let's Encrypt, CN=R11"
15059662662,2024-10-23,2024-10-23,2025-01-21,learn.cyber-ed.ru,learn.cyber-ed.ru,"C=US, O=Let's Encrypt, CN=R11"
15085101342,2024-10-26,2024-10-26,2025-01-24,specialist.cyber-ed.ru,specialist.cyber-ed.ru,"C=US, O=Let's Encrypt, CN=R11"
15085103263,2024-10-26,2024-10-26,2025-01-24,specialist.cyber-ed.ru,specialist.cyber-ed.ru,"C=US, O=Let's Encrypt, CN=R11"
15099177689,2024-10-27,2024-10-27,2025-01-25,gitlab.cyber-ed.ru,gitlab.cyber-ed.ru,"C=US, O=Let's Encrypt, CN=R10"
15150186715,2024-10-27,2024-10-27,2025-01-25,gitlab.cyber-ed.ru,gitlab.cyber-ed.ru,"C=US, O=Let's Encrypt, CN=R10"
15115340640,2024-10-28,2024-10-28,2025-01-26,red.cyber-ed.ru,red.cyber-ed.ru,"C=US, O=Let's Encrypt, CN=R11"
15117855607,2024-10-28,2024-10-28,2025-01-26,red.cyber-ed.ru,red.cyber-ed.ru,"C=US, O=Let's Encrypt, CN=R11"
15132931938,2024-10-29,2024-10-29,2025-01-27,labs.dev.cyber-ed.ru,labs.dev.cyber-ed.ru,"C=US, O=Let's Encrypt, CN=R11"
15124037861,2024-10-29,2024-10-29,2025-01-27,labs.dev.cyber-ed.ru,labs.dev.cyber-ed.ru,"C=US, O=Let's Encrypt, CN=R11"
15124068534,2024-10-29,2024-10-29,2025-01-27,labs.dev.cyber-ed.ru,labs.dev.cyber-ed.ru,"C=US, O=Let's Encrypt, CN=R10"
15124068249,2024-10-29,2024-10-29,2025-01-27,labs.dev.cyber-ed.ru,labs.dev.cyber-ed.ru,"C=US, O=Let's Encrypt, CN=R10"
15127941778,2024-10-29,2024-10-29,2025-01-27,labs.dev.cyber-ed.ru,labs.dev.cyber-ed.ru,"C=US, O=Let's Encrypt, CN=R10"
15132986708,2024-10-29,2024-10-29,2025-01-27,labs.dev.cyber-ed.ru,labs.dev.cyber-ed.ru,"C=US, O=Let's Encrypt, CN=R10"
15128064476,2024-10-29,2024-10-29,2025-01-27,labs.cyber-ed.ru,labs.cyber-ed.ru,"C=US, O=Let's Encrypt, CN=R11"
15178263818,2024-10-29,2024-10-29,2025-01-27,labs.cyber-ed.ru,labs.cyber-ed.ru,"C=US, O=Let's Encrypt, CN=R11"
15150586776,2024-10-30,2024-10-30,2025-01-28,web.cyber-ed.ru,web.cyber-ed.ru,"C=US, O=Let's Encrypt, CN=R11"
15191450204,2024-10-30,2024-10-30,2025-01-28,web.cyber-ed.ru,web.cyber-ed.ru,"C=US, O=Let's Encrypt, CN=R11"
15165783966,2024-10-31,2024-10-31,2025-01-29,labs.cyber-ed.ru,labs.cyber-ed.ru,"C=US, O=Let's Encrypt, CN=R11"
15165789141,2024-10-31,2024-10-31,2025-01-29,labs.cyber-ed.ru,labs.cyber-ed.ru,"C=US, O=Let's Encrypt, CN=R11"
15167866637,2024-11-01,2024-11-01,2025-01-30,dashboard.dev.cyber-ed.ru,dashboard.dev.cyber-ed.ru,"C=US, O=Let's Encrypt, CN=R10"
15222914276,2024-11-01,2024-11-01,2025-01-30,dashboard.dev.cyber-ed.ru,dashboard.dev.cyber-ed.ru,"C=US, O=Let's Encrypt, CN=R10"
15175682925,2024-11-01,2024-11-01,2025-01-30,dashboard.cyber-ed.ru,dashboard.cyber-ed.ru,"C=US, O=Let's Encrypt, CN=R10"
15223201285,2024-11-01,2024-11-01,2025-01-30,dashboard.cyber-ed.ru,dashboard.cyber-ed.ru,"C=US, O=Let's Encrypt, CN=R10"
15178031095,2024-11-02,2024-11-02,2025-01-31,monitoring.cyber-ed.ru,monitoring.cyber-ed.ru,"C=US, O=Let's Encrypt, CN=R10"
15178030509,2024-11-02,2024-11-02,2025-01-31,monitoring.cyber-ed.ru,monitoring.cyber-ed.ru,"C=US, O=Let's Encrypt, CN=R10"
15195925270,2024-11-03,2024-11-03,2025-02-01,infrastructure.cyber-ed.ru,infrastructure.cyber-ed.ru,"C=US, O=Let's Encrypt, CN=R10"
15202555422,2024-11-03,2024-11-03,2025-02-01,infrastructure.cyber-ed.ru,infrastructure.cyber-ed.ru,"C=US, O=Let's Encrypt, CN=R10"
15224412543,2024-11-05,2024-11-05,2025-02-03,cyber-ed.ru,"cyber-ed.ru
www.cyber-ed.ru","C=US, O=Let's Encrypt, CN=R11"
15292782850,2024-11-05,2024-11-05,2025-02-03,cyber-ed.ru,"cyber-ed.ru
www.cyber-ed.ru","C=US, O=Let's Encrypt, CN=R11"
15247938717,2024-11-07,2024-11-07,2025-02-05,dashboard.dev.cyber-ed.ru,dashboard.dev.cyber-ed.ru,"C=US, O=Let's Encrypt, CN=R10"
15247937178,2024-11-07,2024-11-07,2025-02-05,dashboard.dev.cyber-ed.ru,dashboard.dev.cyber-ed.ru,"C=US, O=Let's Encrypt, CN=R10"
15248044426,2024-11-07,2024-11-07,2025-02-05,dashboard.dev.cyber-ed.ru,dashboard.dev.cyber-ed.ru,"C=US, O=Let's Encrypt, CN=R11"
15315720458,2024-11-07,2024-11-07,2025-02-05,dashboard.dev.cyber-ed.ru,dashboard.dev.cyber-ed.ru,"C=US, O=Let's Encrypt, CN=R11"
15265860835,2024-11-08,2024-11-08,2025-02-06,dashboard.cyber-ed.ru,dashboard.cyber-ed.ru,"C=US, O=Let's Encrypt, CN=R11"
15331992709,2024-11-08,2024-11-08,2025-02-06,dashboard.cyber-ed.ru,dashboard.cyber-ed.ru,"C=US, O=Let's Encrypt, CN=R11"
15279367536,2024-11-09,2024-11-09,2025-02-07,itpentest.cyber-ed.ru,itpentest.cyber-ed.ru,"C=US, O=Let's Encrypt, CN=R11"
15348444158,2024-11-09,2024-11-09,2025-02-07,itpentest.cyber-ed.ru,itpentest.cyber-ed.ru,"C=US, O=Let's Encrypt, CN=R11"
15304663490,2024-11-11,2024-11-11,2025-02-09,lms-test.cyber-ed.ru,lms-test.cyber-ed.ru,"C=US, O=Let's Encrypt, CN=R11"
15373642804,2024-11-11,2024-11-11,2025-02-09,lms-test.cyber-ed.ru,lms-test.cyber-ed.ru,"C=US, O=Let's Encrypt, CN=R11"
15328581561,2024-11-12,2024-11-12,2025-02-10,web.cyber-ed.ru,web.cyber-ed.ru,"C=US, O=Let's Encrypt, CN=R11"
15389869330,2024-11-12,2024-11-12,2025-02-10,web.cyber-ed.ru,web.cyber-ed.ru,"C=US, O=Let's Encrypt, CN=R11"
15327841276,2024-11-12,2024-11-12,2025-02-10,devsec.cyber-ed.ru,devsec.cyber-ed.ru,"C=US, O=Let's Encrypt, CN=R11"
15396505919,2024-11-12,2024-11-12,2025-02-10,devsec.cyber-ed.ru,devsec.cyber-ed.ru,"C=US, O=Let's Encrypt, CN=R11"
15368586058,2024-11-15,2024-11-15,2025-02-13,infrastructure.cyber-ed.ru,infrastructure.cyber-ed.ru,"C=US, O=Let's Encrypt, CN=R11"
15470695752,2024-11-15,2024-11-15,2025-02-13,infrastructure.cyber-ed.ru,infrastructure.cyber-ed.ru,"C=US, O=Let's Encrypt, CN=R11"
15386752677,2024-11-16,2024-11-16,2025-02-14,red.cyber-ed.ru,red.cyber-ed.ru,"C=US, O=Let's Encrypt, CN=R11"
15487889773,2024-11-16,2024-11-16,2025-02-14,red.cyber-ed.ru,red.cyber-ed.ru,"C=US, O=Let's Encrypt, CN=R11"
15381288206,2024-11-16,2024-11-16,2025-02-14,specialist.cyber-ed.ru,specialist.cyber-ed.ru,"C=US, O=Let's Encrypt, CN=R11"
15491251014,2024-11-16,2024-11-16,2025-02-14,specialist.cyber-ed.ru,specialist.cyber-ed.ru,"C=US, O=Let's Encrypt, CN=R11"
15388101783,2024-11-17,2024-11-17,2025-02-15,test.cyber-ed.ru,test.cyber-ed.ru,"C=US, O=Let's Encrypt, CN=R11"
15500521466,2024-11-17,2024-11-17,2025-02-15,test.cyber-ed.ru,test.cyber-ed.ru,"C=US, O=Let's Encrypt, CN=R11"
15388108826,2024-11-17,2024-11-17,2025-02-15,blue.cyber-ed.ru,blue.cyber-ed.ru,"C=US, O=Let's Encrypt, CN=R11"
15500530560,2024-11-17,2024-11-17,2025-02-15,blue.cyber-ed.ru,blue.cyber-ed.ru,"C=US, O=Let's Encrypt, CN=R11"
15433707491,2024-11-20,2024-11-20,2025-02-18,cyber-ed.ru,"cyber-ed.ru
www.cyber-ed.ru","C=US, O=Let's Encrypt, CN=R11"
15432791569,2024-11-20,2024-11-20,2025-02-18,cyber-ed.ru,"cyber-ed.ru
www.cyber-ed.ru","C=US, O=Let's Encrypt, CN=R11"
15476917102,2024-11-22,2024-11-22,2025-02-20,lms.cyber-ed.ru,lms.cyber-ed.ru,"C=US, O=Let's Encrypt, CN=R10"
15596510485,2024-11-22,2024-11-22,2025-02-20,lms.cyber-ed.ru,lms.cyber-ed.ru,"C=US, O=Let's Encrypt, CN=R10"
15617590986,2024-11-24,2024-11-24,2025-02-22,qr-admin.cyber-ed.ru,qr-admin.cyber-ed.ru,"C=US, O=Let's Encrypt, CN=R10"
15494535357,2024-11-24,2024-11-24,2025-02-22,qr-admin.cyber-ed.ru,qr-admin.cyber-ed.ru,"C=US, O=Let's Encrypt, CN=R10"
15496524001,2024-11-24,2024-11-24,2025-02-22,qr-api.cyber-ed.ru,qr-api.cyber-ed.ru,"C=US, O=Let's Encrypt, CN=R11"
15618894714,2024-11-24,2024-11-24,2025-02-22,qr-api.cyber-ed.ru,qr-api.cyber-ed.ru,"C=US, O=Let's Encrypt, CN=R11"
15485511965,2024-11-24,2024-11-24,2025-02-22,qr-front.cyber-ed.ru,qr-front.cyber-ed.ru,"C=US, O=Let's Encrypt, CN=R10"
15618896853,2024-11-24,2024-11-24,2025-02-22,qr-front.cyber-ed.ru,qr-front.cyber-ed.ru,"C=US, O=Let's Encrypt, CN=R10"
15489980632,2024-11-25,2024-11-25,2025-02-23,web.cyber-ed.ru,web.cyber-ed.ru,"C=US, O=Let's Encrypt, CN=R11"
15623663767,2024-11-25,2024-11-25,2025-02-23,web.cyber-ed.ru,web.cyber-ed.ru,"C=US, O=Let's Encrypt, CN=R11"
15505293259,2024-11-25,2024-11-25,2025-02-23,event.cyber-ed.ru,event.cyber-ed.ru,"C=US, O=Let's Encrypt, CN=R11"
15630716682,2024-11-25,2024-11-25,2025-02-23,event.cyber-ed.ru,event.cyber-ed.ru,"C=US, O=Let's Encrypt, CN=R11"
15651669477,2024-11-27,2024-11-26,2025-02-24,infrastructure.cyber-ed.ru,infrastructure.cyber-ed.ru,"C=US, O=Let's Encrypt, CN=R10"
15651669399,2024-11-27,2024-11-26,2025-02-24,infrastructure.cyber-ed.ru,infrastructure.cyber-ed.ru,"C=US, O=Let's Encrypt, CN=R10"
15664097547,2024-11-27,2024-11-27,2025-02-25,itpentest.cyber-ed.ru,itpentest.cyber-ed.ru,"C=US, O=Let's Encrypt, CN=R11"
15664097552,2024-11-27,2024-11-27,2025-02-25,itpentest.cyber-ed.ru,itpentest.cyber-ed.ru,"C=US, O=Let's Encrypt, CN=R11"
15542038677,2024-11-28,2024-11-28,2025-02-26,devsec.cyber-ed.ru,devsec.cyber-ed.ru,"C=US, O=Let's Encrypt, CN=R11"
15542031979,2024-11-28,2024-11-28,2025-02-26,devsec.cyber-ed.ru,devsec.cyber-ed.ru,"C=US, O=Let's Encrypt, CN=R11"
15573776445,2024-12-01,2024-12-01,2025-03-01,red.cyber-ed.ru,red.cyber-ed.ru,"C=US, O=Let's Encrypt, CN=R10"
15726626025,2024-12-01,2024-12-01,2025-03-01,red.cyber-ed.ru,red.cyber-ed.ru,"C=US, O=Let's Encrypt, CN=R10"
15588466244,2024-12-02,2024-12-02,2025-03-02,test.cyber-ed.ru,test.cyber-ed.ru,"C=US, O=Let's Encrypt, CN=R11"
15588477722,2024-12-02,2024-12-02,2025-03-02,test.cyber-ed.ru,test.cyber-ed.ru,"C=US, O=Let's Encrypt, CN=R11"
15760429586,2024-12-03,2024-12-03,2025-03-03,cyber-ed.ru,"cyber-ed.ru
www.cyber-ed.ru","C=US, O=Let's Encrypt, CN=R10"
15760429596,2024-12-03,2024-12-03,2025-03-03,cyber-ed.ru,"cyber-ed.ru
www.cyber-ed.ru","C=US, O=Let's Encrypt, CN=R10"
15678137624,2024-12-09,2024-12-09,2025-03-09,cyber-ed.ru,"cyber-ed.ru
www.cyber-ed.ru","C=US, O=Let's Encrypt, CN=R11"
16028898486,2024-12-09,2024-12-09,2025-03-09,cyber-ed.ru,"cyber-ed.ru
www.cyber-ed.ru","C=US, O=Let's Encrypt, CN=R11"
15702480725,2024-12-10,2024-12-10,2025-03-10,one-task.cyber-ed.ru,one-task.cyber-ed.ru,"C=US, O=Let's Encrypt, CN=E6"
16059705534,2024-12-10,2024-12-10,2025-03-10,one-task.cyber-ed.ru,one-task.cyber-ed.ru,"C=US, O=Let's Encrypt, CN=E6"
15800942931,2024-12-17,2024-12-17,2025-03-17,wiki.cyber-ed.ru,wiki.cyber-ed.ru,"C=US, O=Let's Encrypt, CN=R11"
16144316106,2024-12-17,2024-12-17,2025-03-17,wiki.cyber-ed.ru,wiki.cyber-ed.ru,"C=US, O=Let's Encrypt, CN=R11"
15807791824,2024-12-18,2024-12-18,2025-03-18,matterm.cyber-ed.ru,matterm.cyber-ed.ru,"C=US, O=Let's Encrypt, CN=R11"
15807464044,2024-12-18,2024-12-18,2025-03-18,matterm.cyber-ed.ru,matterm.cyber-ed.ru,"C=US, O=Let's Encrypt, CN=R11"
15812465041,2024-12-18,2024-12-18,2025-03-18,test.cyber-ed.ru,test.cyber-ed.ru,"C=US, O=Let's Encrypt, CN=R10"
16153244314,2024-12-18,2024-12-18,2025-03-18,test.cyber-ed.ru,test.cyber-ed.ru,"C=US, O=Let's Encrypt, CN=R10"
15824245006,2024-12-19,2024-12-19,2025-03-19,red.cyber-ed.ru,red.cyber-ed.ru,"C=US, O=Let's Encrypt, CN=R11"
16029819759,2024-12-19,2024-12-19,2025-03-19,red.cyber-ed.ru,red.cyber-ed.ru,"C=US, O=Let's Encrypt, CN=R11"
15827064920,2024-12-20,2024-12-20,2025-03-20,devsec.cyber-ed.ru,devsec.cyber-ed.ru,"C=US, O=Let's Encrypt, CN=R11"
16173116339,2024-12-20,2024-12-20,2025-03-20,devsec.cyber-ed.ru,devsec.cyber-ed.ru,"C=US, O=Let's Encrypt, CN=R11"
15846890404,2024-12-22,2024-12-22,2025-03-22,specialist.cyber-ed.ru,specialist.cyber-ed.ru,"C=US, O=Let's Encrypt, CN=R10"
16196501789,2024-12-22,2024-12-22,2025-03-22,specialist.cyber-ed.ru,specialist.cyber-ed.ru,"C=US, O=Let's Encrypt, CN=R10"
15860088257,2024-12-23,2024-12-23,2025-03-23,learn.cyber-ed.ru,learn.cyber-ed.ru,"C=US, O=Let's Encrypt, CN=R11"
16211023005,2024-12-23,2024-12-23,2025-03-23,learn.cyber-ed.ru,learn.cyber-ed.ru,"C=US, O=Let's Encrypt, CN=R11"
15914437689,2024-12-28,2024-12-28,2025-03-28,labs.dev.cyber-ed.ru,labs.dev.cyber-ed.ru,"C=US, O=Let's Encrypt, CN=R10"
16270286512,2024-12-28,2024-12-28,2025-03-28,labs.dev.cyber-ed.ru,labs.dev.cyber-ed.ru,"C=US, O=Let's Encrypt, CN=R10"
15916978004,2024-12-28,2024-12-28,2025-03-28,labs.dev.cyber-ed.ru,labs.dev.cyber-ed.ru,"C=US, O=Let's Encrypt, CN=R10"
16272808837,2024-12-28,2024-12-28,2025-03-28,labs.dev.cyber-ed.ru,labs.dev.cyber-ed.ru,"C=US, O=Let's Encrypt, CN=R10"
15917048752,2024-12-28,2024-12-28,2025-03-28,labs.cyber-ed.ru,labs.cyber-ed.ru,"C=US, O=Let's Encrypt, CN=R11"
16272879985,2024-12-28,2024-12-28,2025-03-28,labs.cyber-ed.ru,labs.cyber-ed.ru,"C=US, O=Let's Encrypt, CN=R11"
15923756292,2024-12-29,2024-12-29,2025-03-29,gitlab.cyber-ed.ru,gitlab.cyber-ed.ru,"C=US, O=Let's Encrypt, CN=R11"
16279318835,2024-12-29,2024-12-29,2025-03-29,gitlab.cyber-ed.ru,gitlab.cyber-ed.ru,"C=US, O=Let's Encrypt, CN=R11"
15938607012,2024-12-30,2024-12-30,2025-03-30,labs.cyber-ed.ru,labs.cyber-ed.ru,"C=US, O=Let's Encrypt, CN=R11"
16293896938,2024-12-30,2024-12-30,2025-03-30,labs.cyber-ed.ru,labs.cyber-ed.ru,"C=US, O=Let's Encrypt, CN=R11"
15957192316,2025-01-01,2024-12-31,2025-03-31,monitoring.cyber-ed.ru,monitoring.cyber-ed.ru,"C=US, O=Let's Encrypt, CN=R10"
16309728799,2025-01-01,2024-12-31,2025-03-31,monitoring.cyber-ed.ru,monitoring.cyber-ed.ru,"C=US, O=Let's Encrypt, CN=R10"
15966570630,2025-01-01,2025-01-01,2025-04-01,test.cyber-ed.ru,test.cyber-ed.ru,"C=US, O=Let's Encrypt, CN=R11"
15961179649,2025-01-01,2025-01-01,2025-04-01,test.cyber-ed.ru,test.cyber-ed.ru,"C=US, O=Let's Encrypt, CN=R11"
15961164128,2025-01-01,2025-01-01,2025-04-01,event.cyber-ed.ru,event.cyber-ed.ru,"C=US, O=Let's Encrypt, CN=R11"
16313663305,2025-01-01,2025-01-01,2025-04-01,event.cyber-ed.ru,event.cyber-ed.ru,"C=US, O=Let's Encrypt, CN=R11"
15961164231,2025-01-01,2025-01-01,2025-04-01,blue.cyber-ed.ru,blue.cyber-ed.ru,"C=US, O=Let's Encrypt, CN=R11"
16313663706,2025-01-01,2025-01-01,2025-04-01,blue.cyber-ed.ru,blue.cyber-ed.ru,"C=US, O=Let's Encrypt, CN=R11"
15966570605,2025-01-01,2025-01-01,2025-04-01,web.cyber-ed.ru,web.cyber-ed.ru,"C=US, O=Let's Encrypt, CN=R11"
16313664312,2025-01-01,2025-01-01,2025-04-01,web.cyber-ed.ru,web.cyber-ed.ru,"C=US, O=Let's Encrypt, CN=R11"
15961993769,2025-01-01,2025-01-01,2025-04-01,itpentest.cyber-ed.ru,itpentest.cyber-ed.ru,"C=US, O=Let's Encrypt, CN=R11"
16313663884,2025-01-01,2025-01-01,2025-04-01,itpentest.cyber-ed.ru,itpentest.cyber-ed.ru,"C=US, O=Let's Encrypt, CN=R11"
15961168037,2025-01-01,2025-01-01,2025-04-01,cyber-ed.ru,"cyber-ed.ru
www.cyber-ed.ru","C=US, O=Let's Encrypt, CN=R11"
16313665930,2025-01-01,2025-01-01,2025-04-01,cyber-ed.ru,"cyber-ed.ru
www.cyber-ed.ru","C=US, O=Let's Encrypt, CN=R11"
16029793497,2025-01-05,2025-01-05,2025-04-05,red.cyber-ed.ru,red.cyber-ed.ru,"C=US, O=Let's Encrypt, CN=R11"
16367087138,2025-01-05,2025-01-05,2025-04-05,red.cyber-ed.ru,red.cyber-ed.ru,"C=US, O=Let's Encrypt, CN=R11"
16139469883,2025-01-10,2025-01-10,2025-04-10,lms-test.cyber-ed.ru,lms-test.cyber-ed.ru,"C=US, O=Let's Encrypt, CN=R10"
16542528957,2025-01-10,2025-01-10,2025-04-10,lms-test.cyber-ed.ru,lms-test.cyber-ed.ru,"C=US, O=Let's Encrypt, CN=R10"
16143661460,2025-01-11,2025-01-10,2025-04-10,lms-test.cyber-ed.ru,lms-test.cyber-ed.ru,"C=US, O=Let's Encrypt, CN=R10"
16548049723,2025-01-11,2025-01-10,2025-04-10,lms-test.cyber-ed.ru,lms-test.cyber-ed.ru,"C=US, O=Let's Encrypt, CN=R10"
16154349203,2025-01-11,2025-01-11,2025-04-11,infrastructure.cyber-ed.ru,infrastructure.cyber-ed.ru,"C=US, O=Let's Encrypt, CN=R10"
16565434743,2025-01-11,2025-01-11,2025-04-11,infrastructure.cyber-ed.ru,infrastructure.cyber-ed.ru,"C=US, O=Let's Encrypt, CN=R10"
16187410074,2025-01-13,2025-01-12,2025-04-12,web.cyber-ed.ru,web.cyber-ed.ru,"C=US, O=Let's Encrypt, CN=R11"
16592561645,2025-01-13,2025-01-12,2025-04-12,web.cyber-ed.ru,web.cyber-ed.ru,"C=US, O=Let's Encrypt, CN=R11"
16245269221,2025-01-15,2025-01-15,2025-04-15,blue.cyber-ed.ru,blue.cyber-ed.ru,"C=US, O=Let's Encrypt, CN=R11"
16627176433,2025-01-15,2025-01-15,2025-04-15,blue.cyber-ed.ru,blue.cyber-ed.ru,"C=US, O=Let's Encrypt, CN=R11"
16252621015,2025-01-15,2025-01-15,2025-04-15,test.cyber-ed.ru,test.cyber-ed.ru,"C=US, O=Let's Encrypt, CN=R11"
16627179005,2025-01-15,2025-01-15,2025-04-15,test.cyber-ed.ru,test.cyber-ed.ru,"C=US, O=Let's Encrypt, CN=R11"
16345325139,2025-01-20,2025-01-20,2025-04-20,itpentest.cyber-ed.ru,itpentest.cyber-ed.ru,"C=US, O=Let's Encrypt, CN=R11"
16345339992,2025-01-20,2025-01-20,2025-04-20,itpentest.cyber-ed.ru,itpentest.cyber-ed.ru,"C=US, O=Let's Encrypt, CN=R11"
16370765601,2025-01-22,2025-01-22,2025-04-22,lms.cyber-ed.ru,lms.cyber-ed.ru,"C=US, O=Let's Encrypt, CN=R10"
16708492726,2025-01-22,2025-01-22,2025-04-22,lms.cyber-ed.ru,lms.cyber-ed.ru,"C=US, O=Let's Encrypt, CN=R10"
16379523110,2025-01-22,2025-01-22,2025-04-22,devsec.cyber-ed.ru,devsec.cyber-ed.ru,"C=US, O=Let's Encrypt, CN=R11"
16710989491,2025-01-22,2025-01-22,2025-04-22,devsec.cyber-ed.ru,devsec.cyber-ed.ru,"C=US, O=Let's Encrypt, CN=R11"
16375135957,2025-01-22,2025-01-22,2025-04-22,cyber-ed.ru,"cyber-ed.ru
www.cyber-ed.ru","C=US, O=Let's Encrypt, CN=R11"
16711015709,2025-01-22,2025-01-22,2025-04-22,cyber-ed.ru,"cyber-ed.ru
www.cyber-ed.ru","C=US, O=Let's Encrypt, CN=R11"
16392210719,2025-01-23,2025-01-23,2025-04-23,qr-admin.cyber-ed.ru,qr-admin.cyber-ed.ru,"C=US, O=Let's Encrypt, CN=R11"
16725289055,2025-01-23,2025-01-23,2025-04-23,qr-admin.cyber-ed.ru,qr-admin.cyber-ed.ru,"C=US, O=Let's Encrypt, CN=R11"
16393877513,2025-01-23,2025-01-23,2025-04-23,qr-api.cyber-ed.ru,qr-api.cyber-ed.ru,"C=US, O=Let's Encrypt, CN=R10"
16725289815,2025-01-23,2025-01-23,2025-04-23,qr-api.cyber-ed.ru,qr-api.cyber-ed.ru,"C=US, O=Let's Encrypt, CN=R10"
16401777525,2025-01-23,2025-01-23,2025-04-23,qr-front.cyber-ed.ru,qr-front.cyber-ed.ru,"C=US, O=Let's Encrypt, CN=R10"
16725289591,2025-01-23,2025-01-23,2025-04-23,qr-front.cyber-ed.ru,qr-front.cyber-ed.ru,"C=US, O=Let's Encrypt, CN=R10"
16414299439,2025-01-25,2025-01-25,2025-04-25,infrastructure.cyber-ed.ru,infrastructure.cyber-ed.ru,"C=US, O=Let's Encrypt, CN=R10"
16742044715,2025-01-25,2025-01-25,2025-04-25,infrastructure.cyber-ed.ru,infrastructure.cyber-ed.ru,"C=US, O=Let's Encrypt, CN=R10"
16491485983,2025-01-27,2025-01-27,2025-04-27,red.cyber-ed.ru,red.cyber-ed.ru,"C=US, O=Let's Encrypt, CN=R10"
16793897901,2025-01-27,2025-01-27,2025-04-27,red.cyber-ed.ru,red.cyber-ed.ru,"C=US, O=Let's Encrypt, CN=R10"
16478369330,2025-01-27,2025-01-27,2025-04-27,specialist.cyber-ed.ru,specialist.cyber-ed.ru,"C=US, O=Let's Encrypt, CN=R11"
16793927321,2025-01-27,2025-01-27,2025-04-27,specialist.cyber-ed.ru,specialist.cyber-ed.ru,"C=US, O=Let's Encrypt, CN=R11"
16455141466,2025-01-27,2025-01-27,2025-04-27,test.cyber-ed.ru,test.cyber-ed.ru,"C=US, O=Let's Encrypt, CN=R11"
16439286056,2025-01-27,2025-01-27,2025-04-27,test.cyber-ed.ru,test.cyber-ed.ru,"C=US, O=Let's Encrypt, CN=R11"
16446687614,2025-01-27,2025-01-27,2025-04-27,blue.cyber-ed.ru,blue.cyber-ed.ru,"C=US, O=Let's Encrypt, CN=R11"
16796449968,2025-01-27,2025-01-27,2025-04-27,blue.cyber-ed.ru,blue.cyber-ed.ru,"C=US, O=Let's Encrypt, CN=R11"
16446693376,2025-01-27,2025-01-27,2025-04-27,web.cyber-ed.ru,web.cyber-ed.ru,"C=US, O=Let's Encrypt, CN=R11"
16796509829,2025-01-27,2025-01-27,2025-04-27,web.cyber-ed.ru,web.cyber-ed.ru,"C=US, O=Let's Encrypt, CN=R11"
16533232956,2025-02-02,2025-02-02,2025-05-03,itpentest.cyber-ed.ru,itpentest.cyber-ed.ru,"C=US, O=Let's Encrypt, CN=R11"
16988557313,2025-02-02,2025-02-02,2025-05-03,itpentest.cyber-ed.ru,itpentest.cyber-ed.ru,"C=US, O=Let's Encrypt, CN=R11"
16514742802,2025-02-02,2025-02-02,2025-05-03,cyber-ed.ru,"cyber-ed.ru
www.cyber-ed.ru","C=US, O=Let's Encrypt, CN=R11"
16991830772,2025-02-02,2025-02-02,2025-05-03,cyber-ed.ru,"cyber-ed.ru
www.cyber-ed.ru","C=US, O=Let's Encrypt, CN=R11"
16562103777,2025-02-06,2025-02-06,2025-05-07,labs.dev.cyber-ed.ru,labs.dev.cyber-ed.ru,"C=US, O=Let's Encrypt, CN=R11"
17078234834,2025-02-06,2025-02-06,2025-05-07,labs.dev.cyber-ed.ru,labs.dev.cyber-ed.ru,"C=US, O=Let's Encrypt, CN=R11"
16589178687,2025-02-06,2025-02-06,2025-05-07,infrastructure.cyber-ed.ru,infrastructure.cyber-ed.ru,"C=US, O=Let's Encrypt, CN=R10"
17089102762,2025-02-06,2025-02-06,2025-05-07,infrastructure.cyber-ed.ru,infrastructure.cyber-ed.ru,"C=US, O=Let's Encrypt, CN=R10"
16577670785,2025-02-07,2025-02-07,2025-05-08,labs.cyber-ed.ru,labs.cyber-ed.ru,"C=US, O=Let's Encrypt, CN=R11"
16577696962,2025-02-07,2025-02-07,2025-05-08,labs.cyber-ed.ru,labs.cyber-ed.ru,"C=US, O=Let's Encrypt, CN=R11"
16616415575,2025-02-08,2025-02-08,2025-05-09,devsec.cyber-ed.ru,devsec.cyber-ed.ru,"C=US, O=Let's Encrypt, CN=R11"
16615581767,2025-02-08,2025-02-08,2025-05-09,devsec.cyber-ed.ru,devsec.cyber-ed.ru,"C=US, O=Let's Encrypt, CN=R11"
16627790042,2025-02-08,2025-02-08,2025-05-09,one-task.cyber-ed.ru,one-task.cyber-ed.ru,"C=US, O=Let's Encrypt, CN=E5"
17112162925,2025-02-08,2025-02-08,2025-05-09,one-task.cyber-ed.ru,one-task.cyber-ed.ru,"C=US, O=Let's Encrypt, CN=E5"
16658247368,2025-02-10,2025-02-10,2025-05-11,test.cyber-ed.ru,test.cyber-ed.ru,"C=US, O=Let's Encrypt, CN=R11"
17138485973,2025-02-10,2025-02-10,2025-05-11,test.cyber-ed.ru,test.cyber-ed.ru,"C=US, O=Let's Encrypt, CN=R11"
16732261634,2025-02-14,2025-02-14,2025-05-15,blue.cyber-ed.ru,blue.cyber-ed.ru,"C=US, O=Let's Encrypt, CN=R10"
17196537506,2025-02-14,2025-02-14,2025-05-15,blue.cyber-ed.ru,blue.cyber-ed.ru,"C=US, O=Let's Encrypt, CN=R10"
16770273905,2025-02-16,2025-02-16,2025-05-17,wiki.cyber-ed.ru,wiki.cyber-ed.ru,"C=US, O=Let's Encrypt, CN=R11"
16755636514,2025-02-16,2025-02-16,2025-05-17,wiki.cyber-ed.ru,wiki.cyber-ed.ru,"C=US, O=Let's Encrypt, CN=R11"
16772922793,2025-02-16,2025-02-16,2025-05-17,matterm.cyber-ed.ru,matterm.cyber-ed.ru,"C=US, O=Let's Encrypt, CN=R11"
17223839026,2025-02-16,2025-02-16,2025-05-17,matterm.cyber-ed.ru,matterm.cyber-ed.ru,"C=US, O=Let's Encrypt, CN=R11"
16773160696,2025-02-17,2025-02-17,2025-05-18,labs.dev.cyber-ed.ru,labs.dev.cyber-ed.ru,"C=US, O=Let's Encrypt, CN=R10"
17237998986,2025-02-17,2025-02-17,2025-05-18,labs.dev.cyber-ed.ru,labs.dev.cyber-ed.ru,"C=US, O=Let's Encrypt, CN=R10"
16799855020,2025-02-17,2025-02-17,2025-05-18,event.cyber-ed.ru,event.cyber-ed.ru,"C=US, O=Let's Encrypt, CN=R10"
17247250734,2025-02-17,2025-02-17,2025-05-18,event.cyber-ed.ru,event.cyber-ed.ru,"C=US, O=Let's Encrypt, CN=R10"
16793644595,2025-02-17,2025-02-17,2025-05-18,web.cyber-ed.ru,web.cyber-ed.ru,"C=US, O=Let's Encrypt, CN=R11"
17247259331,2025-02-17,2025-02-17,2025-05-18,web.cyber-ed.ru,web.cyber-ed.ru,"C=US, O=Let's Encrypt, CN=R11"
16809563456,2025-02-18,2025-02-18,2025-05-19,md.cyber-ed.ru,md.cyber-ed.ru,"C=US, O=Let's Encrypt, CN=E5"
17263646297,2025-02-18,2025-02-18,2025-05-19,md.cyber-ed.ru,md.cyber-ed.ru,"C=US, O=Let's Encrypt, CN=E5"
16795428194,2025-02-18,2025-02-18,2025-05-19,md.cyber-ed.ru,md.cyber-ed.ru,"C=US, O=Let's Encrypt, CN=E6"
17263736843,2025-02-18,2025-02-18,2025-05-19,md.cyber-ed.ru,md.cyber-ed.ru,"C=US, O=Let's Encrypt, CN=E6"
16804027014,2025-02-18,2025-02-18,2025-05-19,md.cyber-ed.ru,md.cyber-ed.ru,"C=US, O=Let's Encrypt, CN=E5"
17263792470,2025-02-18,2025-02-18,2025-05-19,md.cyber-ed.ru,md.cyber-ed.ru,"C=US, O=Let's Encrypt, CN=E5"
16804236295,2025-02-19,2025-02-19,2025-05-20,md.cyber-ed.ru,md.cyber-ed.ru,"C=US, O=Let's Encrypt, CN=E6"
16795904414,2025-02-19,2025-02-19,2025-05-20,md.cyber-ed.ru,md.cyber-ed.ru,"C=US, O=Let's Encrypt, CN=E6"
16819900665,2025-02-21,2025-02-21,2025-05-22,learn.cyber-ed.ru,learn.cyber-ed.ru,"C=US, O=Let's Encrypt, CN=R10"
17306008289,2025-02-21,2025-02-21,2025-05-22,learn.cyber-ed.ru,learn.cyber-ed.ru,"C=US, O=Let's Encrypt, CN=R10"
16865146908,2025-02-22,2025-02-22,2025-05-23,learn.cyber-ed.ru,learn.cyber-ed.ru,"C=US, O=Let's Encrypt, CN=R10"
17312883820,2025-02-22,2025-02-22,2025-05-23,learn.cyber-ed.ru,learn.cyber-ed.ru,"C=US, O=Let's Encrypt, CN=R10"
16863962923,2025-02-23,2025-02-23,2025-05-24,test.cyber-ed.ru,test.cyber-ed.ru,"C=US, O=Let's Encrypt, CN=R10"
16831045248,2025-02-23,2025-02-23,2025-05-24,test.cyber-ed.ru,test.cyber-ed.ru,"C=US, O=Let's Encrypt, CN=R10"
16890345434,2025-02-23,2025-02-23,2025-05-24,cyber-ed.ru,"cyber-ed.ru
www.cyber-ed.ru","C=US, O=Let's Encrypt, CN=R10"
17325069679,2025-02-23,2025-02-23,2025-05-24,cyber-ed.ru,"cyber-ed.ru
www.cyber-ed.ru","C=US, O=Let's Encrypt, CN=R10"
16904725411,2025-02-23,2025-02-23,2025-05-24,infrastructure.cyber-ed.ru,infrastructure.cyber-ed.ru,"C=US, O=Let's Encrypt, CN=R11"
17329890942,2025-02-23,2025-02-23,2025-05-24,infrastructure.cyber-ed.ru,infrastructure.cyber-ed.ru,"C=US, O=Let's Encrypt, CN=R11"
16873865274,2025-02-23,2025-02-23,2025-05-24,cyber-ed.ru,"cyber-ed.ru
www.cyber-ed.ru","C=US, O=Let's Encrypt, CN=R11"
16843870747,2025-02-23,2025-02-23,2025-05-24,cyber-ed.ru,"cyber-ed.ru
www.cyber-ed.ru","C=US, O=Let's Encrypt, CN=R11"
16953248458,2025-03-01,2025-03-01,2025-05-30,gitlab.cyber-ed.ru,gitlab.cyber-ed.ru,"C=US, O=Let's Encrypt, CN=R11"
17411703186,2025-03-01,2025-03-01,2025-05-30,gitlab.cyber-ed.ru,gitlab.cyber-ed.ru,"C=US, O=Let's Encrypt, CN=R11"
16999001538,2025-03-02,2025-03-02,2025-05-31,monitoring.cyber-ed.ru,monitoring.cyber-ed.ru,"C=US, O=Let's Encrypt, CN=R11"
17432647557,2025-03-02,2025-03-02,2025-05-31,monitoring.cyber-ed.ru,monitoring.cyber-ed.ru,"C=US, O=Let's Encrypt, CN=R11"
16988699108,2025-03-03,2025-03-03,2025-06-01,uploader.cyber-ed.ru,uploader.cyber-ed.ru,"C=US, O=Let's Encrypt, CN=R10"
17441380733,2025-03-03,2025-03-03,2025-06-01,uploader.cyber-ed.ru,uploader.cyber-ed.ru,"C=US, O=Let's Encrypt, CN=R10"
17044301750,2025-03-10,2025-03-10,2025-06-08,blue.cyber-ed.ru,blue.cyber-ed.ru,"C=US, O=Let's Encrypt, CN=R10"
17540773540,2025-03-10,2025-03-10,2025-06-08,blue.cyber-ed.ru,blue.cyber-ed.ru,"C=US, O=Let's Encrypt, CN=R10"
17130483671,2025-03-11,2025-03-11,2025-06-09,lms-test.cyber-ed.ru,lms-test.cyber-ed.ru,"C=US, O=Let's Encrypt, CN=R11"
17567152439,2025-03-11,2025-03-11,2025-06-09,lms-test.cyber-ed.ru,lms-test.cyber-ed.ru,"C=US, O=Let's Encrypt, CN=R11"
17131755220,2025-03-11,2025-03-11,2025-06-09,event.cyber-ed.ru,event.cyber-ed.ru,"C=US, O=Let's Encrypt, CN=R10"
17058950405,2025-03-11,2025-03-11,2025-06-09,event.cyber-ed.ru,event.cyber-ed.ru,"C=US, O=Let's Encrypt, CN=R10"
17059470254,2025-03-12,2025-03-11,2025-06-09,infrastructure.cyber-ed.ru,infrastructure.cyber-ed.ru,"C=US, O=Let's Encrypt, CN=R11"
17060026920,2025-03-12,2025-03-11,2025-06-09,infrastructure.cyber-ed.ru,infrastructure.cyber-ed.ru,"C=US, O=Let's Encrypt, CN=R11"
17218619490,2025-03-16,2025-03-16,2025-06-14,test.cyber-ed.ru,test.cyber-ed.ru,"C=US, O=Let's Encrypt, CN=R11"
17644592525,2025-03-16,2025-03-16,2025-06-14,test.cyber-ed.ru,test.cyber-ed.ru,"C=US, O=Let's Encrypt, CN=R11"
17287728211,2025-03-21,2025-03-21,2025-06-19,one-task.cyber-ed.ru,one-task.cyber-ed.ru,"C=US, O=Let's Encrypt, CN=R11"
17287758296,2025-03-21,2025-03-21,2025-06-19,one-task.cyber-ed.ru,one-task.cyber-ed.ru,"C=US, O=Let's Encrypt, CN=R11"
17304243001,2025-03-22,2025-03-22,2025-06-20,blue.cyber-ed.ru,blue.cyber-ed.ru,"C=US, O=Let's Encrypt, CN=R11"
17305411189,2025-03-22,2025-03-22,2025-06-20,blue.cyber-ed.ru,blue.cyber-ed.ru,"C=US, O=Let's Encrypt, CN=R11"
17327028501,2025-03-22,2025-03-22,2025-06-20,web.cyber-ed.ru,web.cyber-ed.ru,"C=US, O=Let's Encrypt, CN=R10"
17327036344,2025-03-22,2025-03-22,2025-06-20,web.cyber-ed.ru,web.cyber-ed.ru,"C=US, O=Let's Encrypt, CN=R10"
17350535600,2025-03-23,2025-03-23,2025-06-21,lms.cyber-ed.ru,lms.cyber-ed.ru,"C=US, O=Let's Encrypt, CN=R10"
17350529418,2025-03-23,2025-03-23,2025-06-21,lms.cyber-ed.ru,lms.cyber-ed.ru,"C=US, O=Let's Encrypt, CN=R10"
17363069599,2025-03-24,2025-03-24,2025-06-22,specialist.cyber-ed.ru,specialist.cyber-ed.ru,"C=US, O=Let's Encrypt, CN=R11"
17363060794,2025-03-24,2025-03-24,2025-06-22,specialist.cyber-ed.ru,specialist.cyber-ed.ru,"C=US, O=Let's Encrypt, CN=R11"
17384897308,2025-03-25,2025-03-25,2025-06-23,qr-admin.cyber-ed.ru,qr-admin.cyber-ed.ru,"C=US, O=Let's Encrypt, CN=R10"
17384891586,2025-03-25,2025-03-25,2025-06-23,qr-admin.cyber-ed.ru,qr-admin.cyber-ed.ru,"C=US, O=Let's Encrypt, CN=R10"
17384897281,2025-03-25,2025-03-25,2025-06-23,qr-api.cyber-ed.ru,qr-api.cyber-ed.ru,"C=US, O=Let's Encrypt, CN=R11"
17384891657,2025-03-25,2025-03-25,2025-06-23,qr-api.cyber-ed.ru,qr-api.cyber-ed.ru,"C=US, O=Let's Encrypt, CN=R11"
17386537630,2025-03-25,2025-03-25,2025-06-23,qr-front.cyber-ed.ru,qr-front.cyber-ed.ru,"C=US, O=Let's Encrypt, CN=R10"
17384910292,2025-03-25,2025-03-25,2025-06-23,qr-front.cyber-ed.ru,qr-front.cyber-ed.ru,"C=US, O=Let's Encrypt, CN=R10"
17434377743,2025-03-27,2025-03-27,2025-06-25,cyber-ed.ru,"cyber-ed.ru
www.cyber-ed.ru","C=US, O=Let's Encrypt, CN=R11"
17434371886,2025-03-27,2025-03-27,2025-06-25,cyber-ed.ru,"cyber-ed.ru
www.cyber-ed.ru","C=US, O=Let's Encrypt, CN=R11"
17771986220,2025-03-27,2025-03-27,2025-06-25,event.cyber-ed.ru,event.cyber-ed.ru,"C=US, O=Let's Encrypt, CN=R10"
17447060313,2025-03-27,2025-03-27,2025-06-25,event.cyber-ed.ru,event.cyber-ed.ru,"C=US, O=Let's Encrypt, CN=R10"
17520313582,2025-03-30,2025-03-30,2025-06-28,infrastructure.cyber-ed.ru,infrastructure.cyber-ed.ru,"C=US, O=Let's Encrypt, CN=R10"
17520308318,2025-03-30,2025-03-30,2025-06-28,infrastructure.cyber-ed.ru,infrastructure.cyber-ed.ru,"C=US, O=Let's Encrypt, CN=R10"
17554844632,2025-04-01,2025-04-01,2025-06-30,devsec.cyber-ed.ru,devsec.cyber-ed.ru,"C=US, O=Let's Encrypt, CN=R11"
17554484554,2025-04-01,2025-04-01,2025-06-30,devsec.cyber-ed.ru,devsec.cyber-ed.ru,"C=US, O=Let's Encrypt, CN=R11"
17576952279,2025-04-02,2025-04-02,2025-07-01,test.cyber-ed.ru,test.cyber-ed.ru,"C=US, O=Let's Encrypt, CN=R10"
17576945108,2025-04-02,2025-04-02,2025-07-01,test.cyber-ed.ru,test.cyber-ed.ru,"C=US, O=Let's Encrypt, CN=R10"
17687458784,2025-04-07,2025-04-07,2025-07-06,labs.dev.cyber-ed.ru,labs.dev.cyber-ed.ru,"C=US, O=Let's Encrypt, CN=R10"
17711262884,2025-04-07,2025-04-07,2025-07-06,labs.dev.cyber-ed.ru,labs.dev.cyber-ed.ru,"C=US, O=Let's Encrypt, CN=R10"
17691812496,2025-04-07,2025-04-07,2025-07-06,blue.cyber-ed.ru,blue.cyber-ed.ru,"C=US, O=Let's Encrypt, CN=R11"
17714783162,2025-04-07,2025-04-07,2025-07-06,blue.cyber-ed.ru,blue.cyber-ed.ru,"C=US, O=Let's Encrypt, CN=R11"
17698920812,2025-04-07,2025-04-07,2025-07-06,bw.cyber-ed.ru,bw.cyber-ed.ru,"C=US, O=Let's Encrypt, CN=E6"
17721671494,2025-04-07,2025-04-07,2025-07-06,bw.cyber-ed.ru,bw.cyber-ed.ru,"C=US, O=Let's Encrypt, CN=E6"
17725162594,2025-04-07,2025-04-07,2025-07-06,bw.cyber-ed.ru,bw.cyber-ed.ru,"C=US, O=Let's Encrypt, CN=E5"
17722362303,2025-04-07,2025-04-07,2025-07-06,bw.cyber-ed.ru,bw.cyber-ed.ru,"C=US, O=Let's Encrypt, CN=E5"
17700017021,2025-04-07,2025-04-07,2025-07-06,bw.cyber-ed.ru,bw.cyber-ed.ru,"C=US, O=Let's Encrypt, CN=E6"
17722609297,2025-04-07,2025-04-07,2025-07-06,bw.cyber-ed.ru,bw.cyber-ed.ru,"C=US, O=Let's Encrypt, CN=E6"
17708081551,2025-04-08,2025-04-08,2025-07-07,labs.cyber-ed.ru,labs.cyber-ed.ru,"C=US, O=Let's Encrypt, CN=R10"
17708075434,2025-04-08,2025-04-08,2025-07-07,labs.cyber-ed.ru,labs.cyber-ed.ru,"C=US, O=Let's Encrypt, CN=R10"
17750393349,2025-04-09,2025-04-09,2025-07-08,event.cyber-ed.ru,event.cyber-ed.ru,"C=US, O=Let's Encrypt, CN=R11"
17744939873,2025-04-09,2025-04-09,2025-07-08,event.cyber-ed.ru,event.cyber-ed.ru,"C=US, O=Let's Encrypt, CN=R11"
17795471635,2025-04-12,2025-04-11,2025-07-10,specialist.cyber-ed.ru,specialist.cyber-ed.ru,"C=US, O=Let's Encrypt, CN=R11"
17794618553,2025-04-12,2025-04-11,2025-07-10,specialist.cyber-ed.ru,specialist.cyber-ed.ru,"C=US, O=Let's Encrypt, CN=R11"
17803349361,2025-04-12,2025-04-12,2025-07-11,web.cyber-ed.ru,web.cyber-ed.ru,"C=US, O=Let's Encrypt, CN=R10"
17799804965,2025-04-12,2025-04-12,2025-07-11,web.cyber-ed.ru,web.cyber-ed.ru,"C=US, O=Let's Encrypt, CN=R10"
17828021703,2025-04-13,2025-04-13,2025-07-12,cyber-ed.ru,"cyber-ed.ru
www.cyber-ed.ru","C=US, O=Let's Encrypt, CN=R11"
17828029680,2025-04-13,2025-04-13,2025-07-12,cyber-ed.ru,"cyber-ed.ru
www.cyber-ed.ru","C=US, O=Let's Encrypt, CN=R11"
17845785779,2025-04-14,2025-04-14,2025-07-13,alternative.cyber-ed.ru,alternative.cyber-ed.ru,"C=US, O=Let's Encrypt, CN=R10"
17845776933,2025-04-14,2025-04-14,2025-07-13,alternative.cyber-ed.ru,alternative.cyber-ed.ru,"C=US, O=Let's Encrypt, CN=R10"
17848036354,2025-04-14,2025-04-14,2025-07-13,alternative.cyber-ed.ru,alternative.cyber-ed.ru,"C=US, O=Let's Encrypt, CN=R11"
17848120664,2025-04-14,2025-04-14,2025-07-13,alternative.cyber-ed.ru,alternative.cyber-ed.ru,"C=US, O=Let's Encrypt, CN=R11"
17848767866,2025-04-14,2025-04-14,2025-07-13,alternative.cyber-ed.ru,alternative.cyber-ed.ru,"C=US, O=Let's Encrypt, CN=R10"
17848765167,2025-04-14,2025-04-14,2025-07-13,alternative.cyber-ed.ru,alternative.cyber-ed.ru,"C=US, O=Let's Encrypt, CN=R10"
17900400917,2025-04-17,2025-04-17,2025-07-16,openday.cyber-ed.ru,openday.cyber-ed.ru,"C=US, O=Let's Encrypt, CN=R11"
17900398692,2025-04-17,2025-04-17,2025-07-16,openday.cyber-ed.ru,openday.cyber-ed.ru,"C=US, O=Let's Encrypt, CN=R11"
17906519706,2025-04-17,2025-04-17,2025-07-16,test.cyber-ed.ru,test.cyber-ed.ru,"C=US, O=Let's Encrypt, CN=R11"
17906528955,2025-04-17,2025-04-17,2025-07-16,test.cyber-ed.ru,test.cyber-ed.ru,"C=US, O=Let's Encrypt, CN=R11"
17907648264,2025-04-17,2025-04-17,2025-07-16,matterm.cyber-ed.ru,matterm.cyber-ed.ru,"C=US, O=Let's Encrypt, CN=R11"
17907661474,2025-04-17,2025-04-17,2025-07-16,matterm.cyber-ed.ru,matterm.cyber-ed.ru,"C=US, O=Let's Encrypt, CN=R11"
17950802171,2025-04-20,2025-04-20,2025-07-19,red.cyber-ed.ru,red.cyber-ed.ru,"C=US, O=Let's Encrypt, CN=R10"
17950795193,2025-04-20,2025-04-20,2025-07-19,red.cyber-ed.ru,red.cyber-ed.ru,"C=US, O=Let's Encrypt, CN=R10"
17961556230,2025-04-20,2025-04-20,2025-07-19,md.cyber-ed.ru,md.cyber-ed.ru,"C=US, O=Let's Encrypt, CN=E5"
17961551153,2025-04-20,2025-04-20,2025-07-19,md.cyber-ed.ru,md.cyber-ed.ru,"C=US, O=Let's Encrypt, CN=E5"
18003035262,2025-04-22,2025-04-22,2025-07-21,bw.cyber-ed.ru,bw.cyber-ed.ru,"C=US, O=Let's Encrypt, CN=E5"
18003038243,2025-04-22,2025-04-22,2025-07-21,bw.cyber-ed.ru,bw.cyber-ed.ru,"C=US, O=Let's Encrypt, CN=E5"
18004231967,2025-04-22,2025-04-22,2025-07-21,bw.cyber-ed.ru,bw.cyber-ed.ru,"C=US, O=Let's Encrypt, CN=E5"
18004227016,2025-04-22,2025-04-22,2025-07-21,bw.cyber-ed.ru,bw.cyber-ed.ru,"C=US, O=Let's Encrypt, CN=E5"
18012131543,2025-04-23,2025-04-23,2025-07-22,learn.cyber-ed.ru,learn.cyber-ed.ru,"C=US, O=Let's Encrypt, CN=R11"
18012120996,2025-04-23,2025-04-23,2025-07-22,learn.cyber-ed.ru,learn.cyber-ed.ru,"C=US, O=Let's Encrypt, CN=R11"
18014873229,2025-04-23,2025-04-23,2025-07-22,bw.cyber-ed.ru,bw.cyber-ed.ru,"C=US, O=Let's Encrypt, CN=R11"
18014866793,2025-04-23,2025-04-23,2025-07-22,bw.cyber-ed.ru,bw.cyber-ed.ru,"C=US, O=Let's Encrypt, CN=R11"
18017381873,2025-04-23,2025-04-23,2025-07-22,vault.cyber-ed.ru,vault.cyber-ed.ru,"C=US, O=Let's Encrypt, CN=R11"
18017155784,2025-04-23,2025-04-23,2025-07-22,vault.cyber-ed.ru,vault.cyber-ed.ru,"C=US, O=Let's Encrypt, CN=R11"
18017139693,2025-04-23,2025-04-23,2025-07-22,vault.cyber-ed.ru,vault.cyber-ed.ru,"C=US, O=Let's Encrypt, CN=R11"
18017135084,2025-04-23,2025-04-23,2025-07-22,vault.cyber-ed.ru,vault.cyber-ed.ru,"C=US, O=Let's Encrypt, CN=R11"
18022551160,2025-04-23,2025-04-23,2025-07-22,learn.cyber-ed.ru,learn.cyber-ed.ru,"C=US, O=Let's Encrypt, CN=R11"
18021895576,2025-04-23,2025-04-23,2025-07-22,learn.cyber-ed.ru,learn.cyber-ed.ru,"C=US, O=Let's Encrypt, CN=R11"
18040665107,2025-04-24,2025-04-24,2025-07-23,specialist.cyber-ed.ru,specialist.cyber-ed.ru,"C=US, O=Let's Encrypt, CN=R11"
18040649123,2025-04-24,2025-04-24,2025-07-23,specialist.cyber-ed.ru,specialist.cyber-ed.ru,"C=US, O=Let's Encrypt, CN=R11"
18049499209,2025-04-25,2025-04-25,2025-07-24,infrastructure.cyber-ed.ru,infrastructure.cyber-ed.ru,"C=US, O=Let's Encrypt, CN=R10"
18049499249,2025-04-25,2025-04-25,2025-07-24,infrastructure.cyber-ed.ru,infrastructure.cyber-ed.ru,"C=US, O=Let's Encrypt, CN=R10"
18050127226,2025-04-25,2025-04-25,2025-07-24,itpentest.cyber-ed.ru,itpentest.cyber-ed.ru,"C=US, O=Let's Encrypt, CN=R11"
18050127317,2025-04-25,2025-04-25,2025-07-24,itpentest.cyber-ed.ru,itpentest.cyber-ed.ru,"C=US, O=Let's Encrypt, CN=R11"
18054634141,2025-04-25,2025-04-25,2025-07-24,web.cyber-ed.ru,web.cyber-ed.ru,"C=US, O=Let's Encrypt, CN=R11"
18053449477,2025-04-25,2025-04-25,2025-07-24,web.cyber-ed.ru,web.cyber-ed.ru,"C=US, O=Let's Encrypt, CN=R11"
18071776382,2025-04-26,2025-04-26,2025-07-25,blue.cyber-ed.ru,blue.cyber-ed.ru,"C=US, O=Let's Encrypt, CN=R11"
18070863718,2025-04-26,2025-04-26,2025-07-25,blue.cyber-ed.ru,blue.cyber-ed.ru,"C=US, O=Let's Encrypt, CN=R11"
18091046654,2025-04-27,2025-04-27,2025-07-26,devsec.cyber-ed.ru,devsec.cyber-ed.ru,"C=US, O=Let's Encrypt, CN=R10"
18091057288,2025-04-27,2025-04-27,2025-07-26,devsec.cyber-ed.ru,devsec.cyber-ed.ru,"C=US, O=Let's Encrypt, CN=R10"
18092366069,2025-04-27,2025-04-27,2025-07-26,event.cyber-ed.ru,event.cyber-ed.ru,"C=US, O=Let's Encrypt, CN=R11"
18092369310,2025-04-27,2025-04-27,2025-07-26,event.cyber-ed.ru,event.cyber-ed.ru,"C=US, O=Let's Encrypt, CN=R11"
18138232217,2025-04-30,2025-04-30,2025-07-29,openday.cyber-ed.ru,openday.cyber-ed.ru,"C=US, O=Let's Encrypt, CN=R11"
18138231958,2025-04-30,2025-04-30,2025-07-29,openday.cyber-ed.ru,openday.cyber-ed.ru,"C=US, O=Let's Encrypt, CN=R11"
18157424990,2025-05-01,2025-05-01,2025-07-30,gitlab.cyber-ed.ru,gitlab.cyber-ed.ru,"C=US, O=Let's Encrypt, CN=R11"
18157429016,2025-05-01,2025-05-01,2025-07-30,gitlab.cyber-ed.ru,gitlab.cyber-ed.ru,"C=US, O=Let's Encrypt, CN=R11"
18170194657,2025-05-01,2025-05-01,2025-07-30,monitoring.cyber-ed.ru,monitoring.cyber-ed.ru,"C=US, O=Let's Encrypt, CN=R11"
18170059540,2025-05-01,2025-05-01,2025-07-30,monitoring.cyber-ed.ru,monitoring.cyber-ed.ru,"C=US, O=Let's Encrypt, CN=R11"
18184466985,2025-05-02,2025-05-02,2025-07-31,test.cyber-ed.ru,test.cyber-ed.ru,"C=US, O=Let's Encrypt, CN=R11"
18184460694,2025-05-02,2025-05-02,2025-07-31,test.cyber-ed.ru,test.cyber-ed.ru,"C=US, O=Let's Encrypt, CN=R11"
18192992606,2025-05-03,2025-05-03,2025-08-01,red.cyber-ed.ru,red.cyber-ed.ru,"C=US, O=Let's Encrypt, CN=R11"
18193003572,2025-05-03,2025-05-03,2025-08-01,red.cyber-ed.ru,red.cyber-ed.ru,"C=US, O=Let's Encrypt, CN=R11"
18274714142,2025-05-07,2025-05-07,2025-08-05,itpentest.cyber-ed.ru,itpentest.cyber-ed.ru,"C=US, O=Let's Encrypt, CN=R11"
18274707610,2025-05-07,2025-05-07,2025-08-05,itpentest.cyber-ed.ru,itpentest.cyber-ed.ru,"C=US, O=Let's Encrypt, CN=R11"
18282001479,2025-05-08,2025-05-08,2025-08-06,specialist.cyber-ed.ru,specialist.cyber-ed.ru,"C=US, O=Let's Encrypt, CN=R11"
18281999797,2025-05-08,2025-05-08,2025-08-06,specialist.cyber-ed.ru,specialist.cyber-ed.ru,"C=US, O=Let's Encrypt, CN=R11"
18284963895,2025-05-08,2025-05-08,2025-08-06,web.cyber-ed.ru,web.cyber-ed.ru,"C=US, O=Let's Encrypt, CN=R11"
18284917072,2025-05-08,2025-05-08,2025-08-06,web.cyber-ed.ru,web.cyber-ed.ru,"C=US, O=Let's Encrypt, CN=R11"
18304371440,2025-05-09,2025-05-09,2025-08-07,event.cyber-ed.ru,event.cyber-ed.ru,"C=US, O=Let's Encrypt, CN=R10"
18304370659,2025-05-09,2025-05-09,2025-08-07,event.cyber-ed.ru,event.cyber-ed.ru,"C=US, O=Let's Encrypt, CN=R10"
18337231496,2025-05-11,2025-05-11,2025-08-09,lms-test.cyber-ed.ru,lms-test.cyber-ed.ru,"C=US, O=Let's Encrypt, CN=R11"
18337230540,2025-05-11,2025-05-11,2025-08-09,lms-test.cyber-ed.ru,lms-test.cyber-ed.ru,"C=US, O=Let's Encrypt, CN=R11"
18340958852,2025-05-11,2025-05-11,2025-08-09,blue.cyber-ed.ru,blue.cyber-ed.ru,"C=US, O=Let's Encrypt, CN=R11"
18340958183,2025-05-11,2025-05-11,2025-08-09,blue.cyber-ed.ru,blue.cyber-ed.ru,"C=US, O=Let's Encrypt, CN=R11"
18412820852,2025-05-15,2025-05-15,2025-08-13,openday.cyber-ed.ru,openday.cyber-ed.ru,"C=US, O=Let's Encrypt, CN=R10"
18412814818,2025-05-15,2025-05-15,2025-08-13,openday.cyber-ed.ru,openday.cyber-ed.ru,"C=US, O=Let's Encrypt, CN=R10"
18515005796,2025-05-20,2025-05-20,2025-08-18,one-task.cyber-ed.ru,one-task.cyber-ed.ru,"C=US, O=Let's Encrypt, CN=R10"
18514996851,2025-05-20,2025-05-20,2025-08-18,one-task.cyber-ed.ru,one-task.cyber-ed.ru,"C=US, O=Let's Encrypt, CN=R10"
18572870426,2025-05-23,2025-05-23,2025-08-21,lms.cyber-ed.ru,lms.cyber-ed.ru,"C=US, O=Let's Encrypt, CN=R10"
18572867709,2025-05-23,2025-05-23,2025-08-21,lms.cyber-ed.ru,lms.cyber-ed.ru,"C=US, O=Let's Encrypt, CN=R10"
18593834225,2025-05-24,2025-05-24,2025-08-22,cyber-ed.ru,"cyber-ed.ru
www.cyber-ed.ru","C=US, O=Let's Encrypt, CN=E5"
18593835022,2025-05-24,2025-05-24,2025-08-22,cyber-ed.ru,"cyber-ed.ru
www.cyber-ed.ru","C=US, O=Let's Encrypt, CN=E5"
18594258850,2025-05-24,2025-05-24,2025-08-22,cyber-ed.ru,"cyber-ed.ru
www.cyber-ed.ru","C=US, O=Let's Encrypt, CN=E6"
18594258860,2025-05-24,2025-05-24,2025-08-22,cyber-ed.ru,"cyber-ed.ru
www.cyber-ed.ru","C=US, O=Let's Encrypt, CN=E6"
18596626198,2025-05-24,2025-05-24,2025-08-22,qr-admin.cyber-ed.ru,qr-admin.cyber-ed.ru,"C=US, O=Let's Encrypt, CN=R10"
18596627597,2025-05-24,2025-05-24,2025-08-22,qr-admin.cyber-ed.ru,qr-admin.cyber-ed.ru,"C=US, O=Let's Encrypt, CN=R10"
18596630378,2025-05-24,2025-05-24,2025-08-22,qr-api.cyber-ed.ru,qr-api.cyber-ed.ru,"C=US, O=Let's Encrypt, CN=R10"
18596630214,2025-05-24,2025-05-24,2025-08-22,qr-api.cyber-ed.ru,qr-api.cyber-ed.ru,"C=US, O=Let's Encrypt, CN=R10"
18596632737,2025-05-24,2025-05-24,2025-08-22,qr-front.cyber-ed.ru,qr-front.cyber-ed.ru,"C=US, O=Let's Encrypt, CN=R10"
18596632976,2025-05-24,2025-05-24,2025-08-22,qr-front.cyber-ed.ru,qr-front.cyber-ed.ru,"C=US, O=Let's Encrypt, CN=R10"
18628535517,2025-05-26,2025-05-26,2025-08-24,specialist.cyber-ed.ru,specialist.cyber-ed.ru,"C=US, O=Let's Encrypt, CN=R11"
18628536099,2025-05-26,2025-05-26,2025-08-24,specialist.cyber-ed.ru,specialist.cyber-ed.ru,"C=US, O=Let's Encrypt, CN=R11"
18650408682,2025-05-27,2025-05-27,2025-08-25,test.cyber-ed.ru,test.cyber-ed.ru,"C=US, O=Let's Encrypt, CN=R11"
18650409065,2025-05-27,2025-05-27,2025-08-25,test.cyber-ed.ru,test.cyber-ed.ru,"C=US, O=Let's Encrypt, CN=R11"
18651931725,2025-05-27,2025-05-27,2025-08-25,red.cyber-ed.ru,red.cyber-ed.ru,"C=US, O=Let's Encrypt, CN=R11"
18651929417,2025-05-27,2025-05-27,2025-08-25,red.cyber-ed.ru,red.cyber-ed.ru,"C=US, O=Let's Encrypt, CN=R11"
18662933680,2025-05-27,2025-05-27,2025-08-25,infrastructure.cyber-ed.ru,infrastructure.cyber-ed.ru,"C=US, O=Let's Encrypt, CN=R10"
18662930143,2025-05-27,2025-05-27,2025-08-25,infrastructure.cyber-ed.ru,infrastructure.cyber-ed.ru,"C=US, O=Let's Encrypt, CN=R10"
18716353986,2025-05-30,2025-05-30,2025-08-28,blue.cyber-ed.ru,blue.cyber-ed.ru,"C=US, O=Let's Encrypt, CN=R10"
18716354182,2025-05-30,2025-05-30,2025-08-28,blue.cyber-ed.ru,blue.cyber-ed.ru,"C=US, O=Let's Encrypt, CN=R10"
18716365645,2025-05-30,2025-05-30,2025-08-28,event.cyber-ed.ru,event.cyber-ed.ru,"C=US, O=Let's Encrypt, CN=R10"
18716366338,2025-05-30,2025-05-30,2025-08-28,event.cyber-ed.ru,event.cyber-ed.ru,"C=US, O=Let's Encrypt, CN=R10"
18716366822,2025-05-30,2025-05-30,2025-08-28,devsec.cyber-ed.ru,devsec.cyber-ed.ru,"C=US, O=Let's Encrypt, CN=R11"
18716366996,2025-05-30,2025-05-30,2025-08-28,devsec.cyber-ed.ru,devsec.cyber-ed.ru,"C=US, O=Let's Encrypt, CN=R11"
18716373434,2025-05-30,2025-05-30,2025-08-28,itpentest.cyber-ed.ru,itpentest.cyber-ed.ru,"C=US, O=Let's Encrypt, CN=R10"
18716372407,2025-05-30,2025-05-30,2025-08-28,itpentest.cyber-ed.ru,itpentest.cyber-ed.ru,"C=US, O=Let's Encrypt, CN=R10"
18716380593,2025-05-30,2025-05-30,2025-08-28,web.cyber-ed.ru,web.cyber-ed.ru,"C=US, O=Let's Encrypt, CN=R11"
18716382093,2025-05-30,2025-05-30,2025-08-28,web.cyber-ed.ru,web.cyber-ed.ru,"C=US, O=Let's Encrypt, CN=R11"
18716466885,2025-05-30,2025-05-30,2025-08-28,openday.cyber-ed.ru,openday.cyber-ed.ru,"C=US, O=Let's Encrypt, CN=R11"
18716467455,2025-05-30,2025-05-30,2025-08-28,openday.cyber-ed.ru,openday.cyber-ed.ru,"C=US, O=Let's Encrypt, CN=R11"
18840565638,2025-06-06,2025-06-06,2025-09-04,labs.dev.cyber-ed.ru,labs.dev.cyber-ed.ru,"C=US, O=Let's Encrypt, CN=R10"
18840564893,2025-06-06,2025-06-06,2025-09-04,labs.dev.cyber-ed.ru,labs.dev.cyber-ed.ru,"C=US, O=Let's Encrypt, CN=R10"
18862196315,2025-06-07,2025-06-07,2025-09-05,labs.cyber-ed.ru,labs.cyber-ed.ru,"C=US, O=Let's Encrypt, CN=R10"
18862197856,2025-06-07,2025-06-07,2025-09-05,labs.cyber-ed.ru,labs.cyber-ed.ru,"C=US, O=Let's Encrypt, CN=R10"
18888035232,2025-06-08,2025-06-08,2025-09-06,test.cyber-ed.ru,test.cyber-ed.ru,"C=US, O=Let's Encrypt, CN=R11"
18887637752,2025-06-08,2025-06-08,2025-09-06,test.cyber-ed.ru,test.cyber-ed.ru,"C=US, O=Let's Encrypt, CN=R11"
18902935692,2025-06-09,2025-06-09,2025-09-07,specialist.cyber-ed.ru,specialist.cyber-ed.ru,"C=US, O=Let's Encrypt, CN=R10"
18902926545,2025-06-09,2025-06-09,2025-09-07,specialist.cyber-ed.ru,specialist.cyber-ed.ru,"C=US, O=Let's Encrypt, CN=R10"
18921063843,2025-06-09,2025-06-09,2025-09-07,red.cyber-ed.ru,red.cyber-ed.ru,"C=US, O=Let's Encrypt, CN=R10"
18921063138,2025-06-09,2025-06-09,2025-09-07,red.cyber-ed.ru,red.cyber-ed.ru,"C=US, O=Let's Encrypt, CN=R10"
18972906831,2025-06-12,2025-06-12,2025-09-10,event.cyber-ed.ru,event.cyber-ed.ru,"C=US, O=Let's Encrypt, CN=R11"
18972903860,2025-06-12,2025-06-12,2025-09-10,event.cyber-ed.ru,event.cyber-ed.ru,"C=US, O=Let's Encrypt, CN=R11"
19034234549,2025-06-15,2025-06-15,2025-09-13,openday.cyber-ed.ru,openday.cyber-ed.ru,"C=US, O=Let's Encrypt, CN=R11"
19034219076,2025-06-15,2025-06-15,2025-09-13,openday.cyber-ed.ru,openday.cyber-ed.ru,"C=US, O=Let's Encrypt, CN=R11"
19062146344,2025-06-16,2025-06-16,2025-09-14,matterm.cyber-ed.ru,matterm.cyber-ed.ru,"C=US, O=Let's Encrypt, CN=R10"
19062146186,2025-06-16,2025-06-16,2025-09-14,matterm.cyber-ed.ru,matterm.cyber-ed.ru,"C=US, O=Let's Encrypt, CN=R10"
19076844026,2025-06-17,2025-06-17,2025-09-15,web.cyber-ed.ru,web.cyber-ed.ru,"C=US, O=Let's Encrypt, CN=R11"
19076843737,2025-06-17,2025-06-17,2025-09-15,web.cyber-ed.ru,web.cyber-ed.ru,"C=US, O=Let's Encrypt, CN=R11"
19131741164,2025-06-20,2025-06-20,2025-09-18,md.cyber-ed.ru,md.cyber-ed.ru,"C=US, O=Let's Encrypt, CN=E6"
19131715801,2025-06-20,2025-06-20,2025-09-18,md.cyber-ed.ru,md.cyber-ed.ru,"C=US, O=Let's Encrypt, CN=E6"
19152833098,2025-06-21,2025-06-21,2025-09-19,itpentest.cyber-ed.ru,itpentest.cyber-ed.ru,"C=US, O=Let's Encrypt, CN=R10"
19152831359,2025-06-21,2025-06-21,2025-09-19,itpentest.cyber-ed.ru,itpentest.cyber-ed.ru,"C=US, O=Let's Encrypt, CN=R10"
19160163226,2025-06-21,2025-06-21,2025-09-19,test.cyber-ed.ru,test.cyber-ed.ru,"C=US, O=Let's Encrypt, CN=R10"
19158850613,2025-06-21,2025-06-21,2025-09-19,test.cyber-ed.ru,test.cyber-ed.ru,"C=US, O=Let's Encrypt, CN=R10"
19184523995,2025-06-22,2025-06-22,2025-09-20,learn.cyber-ed.ru,learn.cyber-ed.ru,"C=US, O=Let's Encrypt, CN=R11"
19184509425,2025-06-22,2025-06-22,2025-09-20,learn.cyber-ed.ru,learn.cyber-ed.ru,"C=US, O=Let's Encrypt, CN=R11"
19310439853,2025-06-28,2025-06-28,2025-09-26,specialist.cyber-ed.ru,specialist.cyber-ed.ru,"C=US, O=Let's Encrypt, CN=R11"
19310440099,2025-06-28,2025-06-28,2025-09-26,specialist.cyber-ed.ru,specialist.cyber-ed.ru,"C=US, O=Let's Encrypt, CN=R11"
19360936270,2025-07-01,2025-06-30,2025-09-28,monitoring.cyber-ed.ru,monitoring.cyber-ed.ru,"C=US, O=Let's Encrypt, CN=R11"
19360937348,2025-07-01,2025-06-30,2025-09-28,monitoring.cyber-ed.ru,monitoring.cyber-ed.ru,"C=US, O=Let's Encrypt, CN=R11"
19364031549,2025-07-01,2025-07-01,2025-09-29,gitlab.cyber-ed.ru,gitlab.cyber-ed.ru,"C=US, O=Let's Encrypt, CN=R10"
19364042740,2025-07-01,2025-07-01,2025-09-29,gitlab.cyber-ed.ru,gitlab.cyber-ed.ru,"C=US, O=Let's Encrypt, CN=R10"
19371333149,2025-07-01,2025-07-01,2025-09-29,red.cyber-ed.ru,red.cyber-ed.ru,"C=US, O=Let's Encrypt, CN=R11"
19371338691,2025-07-01,2025-07-01,2025-09-29,red.cyber-ed.ru,red.cyber-ed.ru,"C=US, O=Let's Encrypt, CN=R11"
19537049840,2025-07-08,2025-07-08,2025-10-06,test.cyber-ed.ru,test.cyber-ed.ru,"C=US, O=Let's Encrypt, CN=R10"
19537048810,2025-07-08,2025-07-08,2025-10-06,test.cyber-ed.ru,test.cyber-ed.ru,"C=US, O=Let's Encrypt, CN=R10"
19544208802,2025-07-09,2025-07-09,2025-10-07,openday.cyber-ed.ru,openday.cyber-ed.ru,"C=US, O=Let's Encrypt, CN=R11"
19543615244,2025-07-09,2025-07-09,2025-10-07,openday.cyber-ed.ru,openday.cyber-ed.ru,"C=US, O=Let's Encrypt, CN=R11"
19577347983,2025-07-10,2025-07-10,2025-10-08,lms-test.cyber-ed.ru,lms-test.cyber-ed.ru,"C=US, O=Let's Encrypt, CN=R10"
19577348274,2025-07-10,2025-07-10,2025-10-08,lms-test.cyber-ed.ru,lms-test.cyber-ed.ru,"C=US, O=Let's Encrypt, CN=R10"
19588406052,2025-07-11,2025-07-11,2025-10-09,blue.cyber-ed.ru,blue.cyber-ed.ru,"C=US, O=Let's Encrypt, CN=R11"
19588414607,2025-07-11,2025-07-11,2025-10-09,blue.cyber-ed.ru,blue.cyber-ed.ru,"C=US, O=Let's Encrypt, CN=R11"
19588409015,2025-07-11,2025-07-11,2025-10-09,event.cyber-ed.ru,event.cyber-ed.ru,"C=US, O=Let's Encrypt, CN=R10"
19588419798,2025-07-11,2025-07-11,2025-10-09,event.cyber-ed.ru,event.cyber-ed.ru,"C=US, O=Let's Encrypt, CN=R10"
19588417093,2025-07-11,2025-07-11,2025-10-09,infrastructure.cyber-ed.ru,infrastructure.cyber-ed.ru,"C=US, O=Let's Encrypt, CN=R11"
19588423365,2025-07-11,2025-07-11,2025-10-09,infrastructure.cyber-ed.ru,infrastructure.cyber-ed.ru,"C=US, O=Let's Encrypt, CN=R11"
19588455806,2025-07-11,2025-07-11,2025-10-09,specialist.cyber-ed.ru,specialist.cyber-ed.ru,"C=US, O=Let's Encrypt, CN=R10"
19588453946,2025-07-11,2025-07-11,2025-10-09,specialist.cyber-ed.ru,specialist.cyber-ed.ru,"C=US, O=Let's Encrypt, CN=R10"
19588445001,2025-07-11,2025-07-11,2025-10-09,web.cyber-ed.ru,web.cyber-ed.ru,"C=US, O=Let's Encrypt, CN=R11"
19588450335,2025-07-11,2025-07-11,2025-10-09,web.cyber-ed.ru,web.cyber-ed.ru,"C=US, O=Let's Encrypt, CN=R11"
19640199490,2025-07-13,2025-07-13,2025-10-11,red.cyber-ed.ru,red.cyber-ed.ru,"C=US, O=Let's Encrypt, CN=R11"
19640172153,2025-07-13,2025-07-13,2025-10-11,red.cyber-ed.ru,red.cyber-ed.ru,"C=US, O=Let's Encrypt, CN=R11"
19771710801,2025-07-19,2025-07-19,2025-10-17,one-task.cyber-ed.ru,one-task.cyber-ed.ru,"C=US, O=Let's Encrypt, CN=R11"
19771709573,2025-07-19,2025-07-19,2025-10-17,one-task.cyber-ed.ru,one-task.cyber-ed.ru,"C=US, O=Let's Encrypt, CN=R11"
19837026417,2025-07-22,2025-07-22,2025-10-20,lms.cyber-ed.ru,lms.cyber-ed.ru,"C=US, O=Let's Encrypt, CN=R10"
19837031796,2025-07-22,2025-07-22,2025-10-20,lms.cyber-ed.ru,lms.cyber-ed.ru,"C=US, O=Let's Encrypt, CN=R10"
19855702796,2025-07-23,2025-07-23,2025-10-21,cyber-ed.ru,"cyber-ed.ru
www.cyber-ed.ru","C=US, O=Let's Encrypt, CN=E5"
19855572617,2025-07-23,2025-07-23,2025-10-21,cyber-ed.ru,"cyber-ed.ru
www.cyber-ed.ru","C=US, O=Let's Encrypt, CN=E5"
19862637102,2025-07-23,2025-07-23,2025-10-21,qr-admin.cyber-ed.ru,qr-admin.cyber-ed.ru,"C=US, O=Let's Encrypt, CN=R11"
19862257791,2025-07-23,2025-07-23,2025-10-21,qr-admin.cyber-ed.ru,qr-admin.cyber-ed.ru,"C=US, O=Let's Encrypt, CN=R11"
19862248365,2025-07-23,2025-07-23,2025-10-21,qr-api.cyber-ed.ru,qr-api.cyber-ed.ru,"C=US, O=Let's Encrypt, CN=R10"
19862254617,2025-07-23,2025-07-23,2025-10-21,qr-api.cyber-ed.ru,qr-api.cyber-ed.ru,"C=US, O=Let's Encrypt, CN=R10"
19862253371,2025-07-23,2025-07-23,2025-10-21,qr-front.cyber-ed.ru,qr-front.cyber-ed.ru,"C=US, O=Let's Encrypt, CN=R10"
19862256864,2025-07-23,2025-07-23,2025-10-21,qr-front.cyber-ed.ru,qr-front.cyber-ed.ru,"C=US, O=Let's Encrypt, CN=R10"
19898220013,2025-07-25,2025-07-25,2025-10-23,infrastructure.cyber-ed.ru,infrastructure.cyber-ed.ru,"C=US, O=Let's Encrypt, CN=R11"
19898218595,2025-07-25,2025-07-25,2025-10-23,infrastructure.cyber-ed.ru,infrastructure.cyber-ed.ru,"C=US, O=Let's Encrypt, CN=R11"
19898222177,2025-07-25,2025-07-25,2025-10-23,itpentest.cyber-ed.ru,itpentest.cyber-ed.ru,"C=US, O=Let's Encrypt, CN=R11"
19898222277,2025-07-25,2025-07-25,2025-10-23,itpentest.cyber-ed.ru,itpentest.cyber-ed.ru,"C=US, O=Let's Encrypt, CN=R11"
19898240603,2025-07-25,2025-07-25,2025-10-23,specialist.cyber-ed.ru,specialist.cyber-ed.ru,"C=US, O=Let's Encrypt, CN=R11"
19898240604,2025-07-25,2025-07-25,2025-10-23,specialist.cyber-ed.ru,specialist.cyber-ed.ru,"C=US, O=Let's Encrypt, CN=R11"
19898242839,2025-07-25,2025-07-25,2025-10-23,test.cyber-ed.ru,test.cyber-ed.ru,"C=US, O=Let's Encrypt, CN=R10"
19898242813,2025-07-25,2025-07-25,2025-10-23,test.cyber-ed.ru,test.cyber-ed.ru,"C=US, O=Let's Encrypt, CN=R10"
19934811630,2025-07-27,2025-07-27,2025-10-25,openday.cyber-ed.ru,openday.cyber-ed.ru,"C=US, O=Let's Encrypt, CN=R10"
19934812736,2025-07-27,2025-07-27,2025-10-25,openday.cyber-ed.ru,openday.cyber-ed.ru,"C=US, O=Let's Encrypt, CN=R10"
19943606261,2025-07-27,2025-07-27,2025-10-25,blue.cyber-ed.ru,blue.cyber-ed.ru,"C=US, O=Let's Encrypt, CN=R10"
19943607412,2025-07-27,2025-07-27,2025-10-25,blue.cyber-ed.ru,blue.cyber-ed.ru,"C=US, O=Let's Encrypt, CN=R10"
19966783248,2025-07-28,2025-07-28,2025-10-26,red.cyber-ed.ru,red.cyber-ed.ru,"C=US, O=Let's Encrypt, CN=R11"
19966783275,2025-07-28,2025-07-28,2025-10-26,red.cyber-ed.ru,red.cyber-ed.ru,"C=US, O=Let's Encrypt, CN=R11"
19970787694,2025-07-28,2025-07-28,2025-10-26,blue.cyber-ed.ru,"blue.cyber-ed.ru
infrastructure.cyber-ed.ru
red.cyber-ed.ru","C=US, O=Let's Encrypt, CN=R10"
19970793032,2025-07-28,2025-07-28,2025-10-26,blue.cyber-ed.ru,"blue.cyber-ed.ru
infrastructure.cyber-ed.ru
red.cyber-ed.ru","C=US, O=Let's Encrypt, CN=R10"
19991624135,2025-07-29,2025-07-29,2025-10-27,aw.cyber-ed.ru,aw.cyber-ed.ru,"C=US, O=Let's Encrypt, CN=E5"
19991624880,2025-07-29,2025-07-29,2025-10-27,aw.cyber-ed.ru,aw.cyber-ed.ru,"C=US, O=Let's Encrypt, CN=E5"
20124708853,2025-08-05,2025-08-05,2025-11-03,labs.dev.cyber-ed.ru,labs.dev.cyber-ed.ru,"C=US, O=Let's Encrypt, CN=R11"
20124710536,2025-08-05,2025-08-05,2025-11-03,labs.dev.cyber-ed.ru,labs.dev.cyber-ed.ru,"C=US, O=Let's Encrypt, CN=R11"
20148195971,2025-08-06,2025-08-06,2025-11-04,labs.cyber-ed.ru,labs.cyber-ed.ru,"C=US, O=Let's Encrypt, CN=R11"
20148198844,2025-08-06,2025-08-06,2025-11-04,labs.cyber-ed.ru,labs.cyber-ed.ru,"C=US, O=Let's Encrypt, CN=R11"
20226959188,2025-08-09,2025-08-09,2025-11-07,specialist.cyber-ed.ru,specialist.cyber-ed.ru,"C=US, O=Let's Encrypt, CN=R10"
20226968706,2025-08-09,2025-08-09,2025-11-07,specialist.cyber-ed.ru,specialist.cyber-ed.ru,"C=US, O=Let's Encrypt, CN=R10"
20269663316,2025-08-11,2025-08-11,2025-11-09,openday.cyber-ed.ru,openday.cyber-ed.ru,"C=US, O=Let's Encrypt, CN=R11"
20269664133,2025-08-11,2025-08-11,2025-11-09,openday.cyber-ed.ru,openday.cyber-ed.ru,"C=US, O=Let's Encrypt, CN=R11"
20310004818,2025-08-13,2025-08-13,2025-11-11,test.cyber-ed.ru,test.cyber-ed.ru,"C=US, O=Let's Encrypt, CN=R11"
20310007145,2025-08-13,2025-08-13,2025-11-11,test.cyber-ed.ru,test.cyber-ed.ru,"C=US, O=Let's Encrypt, CN=R11"
20361686755,2025-08-16,2025-08-16,2025-11-14,matterm.cyber-ed.ru,matterm.cyber-ed.ru,"C=US, O=Let's Encrypt, CN=R10"
20361702369,2025-08-16,2025-08-16,2025-11-14,matterm.cyber-ed.ru,matterm.cyber-ed.ru,"C=US, O=Let's Encrypt, CN=R10"
20421468882,2025-08-18,2025-08-18,2025-11-16,web.cyber-ed.ru,web.cyber-ed.ru,"C=US, O=Let's Encrypt, CN=R11"
20422543092,2025-08-18,2025-08-18,2025-11-16,web.cyber-ed.ru,web.cyber-ed.ru,"C=US, O=Let's Encrypt, CN=R11"
20421789139,2025-08-18,2025-08-18,2025-11-16,event.cyber-ed.ru,event.cyber-ed.ru,"C=US, O=Let's Encrypt, CN=R10"
20421949048,2025-08-18,2025-08-18,2025-11-16,event.cyber-ed.ru,event.cyber-ed.ru,"C=US, O=Let's Encrypt, CN=R10"
20425266029,2025-08-19,2025-08-19,2025-11-17,md.cyber-ed.ru,md.cyber-ed.ru,"C=US, O=Let's Encrypt, CN=E5"
20432102603,2025-08-19,2025-08-19,2025-11-17,md.cyber-ed.ru,md.cyber-ed.ru,"C=US, O=Let's Encrypt, CN=E5"
20477238948,2025-08-20,2025-08-20,2025-11-18,itpentest.cyber-ed.ru,itpentest.cyber-ed.ru,"C=US, O=Let's Encrypt, CN=R11"
20467997506,2025-08-20,2025-08-20,2025-11-18,itpentest.cyber-ed.ru,itpentest.cyber-ed.ru,"C=US, O=Let's Encrypt, CN=R11"
20462104014,2025-08-20,2025-08-20,2025-11-18,devsec.cyber-ed.ru,devsec.cyber-ed.ru,"C=US, O=Let's Encrypt, CN=R10"
20462506683,2025-08-20,2025-08-20,2025-11-18,devsec.cyber-ed.ru,devsec.cyber-ed.ru,"C=US, O=Let's Encrypt, CN=R10"
20506582743,2025-08-21,2025-08-21,2025-11-19,learn.cyber-ed.ru,learn.cyber-ed.ru,"C=US, O=Let's Encrypt, CN=R13"
20492395696,2025-08-21,2025-08-21,2025-11-19,learn.cyber-ed.ru,learn.cyber-ed.ru,"C=US, O=Let's Encrypt, CN=R13"
20571001710,2025-08-25,2025-08-25,2025-11-23,openday.cyber-ed.ru,openday.cyber-ed.ru,"C=US, O=Let's Encrypt, CN=R12"
20571033538,2025-08-25,2025-08-25,2025-11-23,openday.cyber-ed.ru,openday.cyber-ed.ru,"C=US, O=Let's Encrypt, CN=R12"
20593124564,2025-08-26,2025-08-26,2025-11-24,test.cyber-ed.ru,test.cyber-ed.ru,"C=US, O=Let's Encrypt, CN=R13"
20593125887,2025-08-26,2025-08-26,2025-11-24,test.cyber-ed.ru,test.cyber-ed.ru,"C=US, O=Let's Encrypt, CN=R13"
20669981666,2025-08-30,2025-08-30,2025-11-28,monitoring.cyber-ed.ru,monitoring.cyber-ed.ru,"C=US, O=Let's Encrypt, CN=R13"
20669984268,2025-08-30,2025-08-30,2025-11-28,monitoring.cyber-ed.ru,monitoring.cyber-ed.ru,"C=US, O=Let's Encrypt, CN=R13"
20714351960,2025-09-01,2025-09-01,2025-11-30,gitlab.cyber-ed.ru,gitlab.cyber-ed.ru,"C=US, O=Let's Encrypt, CN=R13"
20714362059,2025-09-01,2025-09-01,2025-11-30,gitlab.cyber-ed.ru,gitlab.cyber-ed.ru,"C=US, O=Let's Encrypt, CN=R13"
20742051261,2025-09-02,2025-09-02,2025-12-01,devsec.cyber-ed.ru,devsec.cyber-ed.ru,"C=US, O=Let's Encrypt, CN=R12"
20742071134,2025-09-02,2025-09-02,2025-12-01,devsec.cyber-ed.ru,devsec.cyber-ed.ru,"C=US, O=Let's Encrypt, CN=R12"
20888362547,2025-09-09,2025-09-09,2025-12-08,lms-test.cyber-ed.ru,lms-test.cyber-ed.ru,"C=US, O=Let's Encrypt, CN=R12"
20888362621,2025-09-09,2025-09-09,2025-12-08,lms-test.cyber-ed.ru,lms-test.cyber-ed.ru,"C=US, O=Let's Encrypt, CN=R12"
20942365341,2025-09-11,2025-09-11,2025-12-10,devsec.cyber-ed.ru,devsec.cyber-ed.ru,"C=US, O=Let's Encrypt, CN=R13"
20942367251,2025-09-11,2025-09-11,2025-12-10,devsec.cyber-ed.ru,devsec.cyber-ed.ru,"C=US, O=Let's Encrypt, CN=R13"
21077249858,2025-09-17,2025-09-17,2025-12-16,one-task.cyber-ed.ru,one-task.cyber-ed.ru,"C=US, O=Let's Encrypt, CN=R13"
21077248371,2025-09-17,2025-09-17,2025-12-16,one-task.cyber-ed.ru,one-task.cyber-ed.ru,"C=US, O=Let's Encrypt, CN=R13"
21113648242,2025-09-18,2025-09-18,2025-12-17,specialist.cyber-ed.ru,specialist.cyber-ed.ru,"C=US, O=Let's Encrypt, CN=R13"
21113647510,2025-09-18,2025-09-18,2025-12-17,specialist.cyber-ed.ru,specialist.cyber-ed.ru,"C=US, O=Let's Encrypt, CN=R13"
21180400392,2025-09-21,2025-09-21,2025-12-20,cyber-ed.ru,"cyber-ed.ru
www.cyber-ed.ru","C=US, O=Let's Encrypt, CN=E8"
21180401059,2025-09-21,2025-09-21,2025-12-20,cyber-ed.ru,"cyber-ed.ru
www.cyber-ed.ru","C=US, O=Let's Encrypt, CN=E8"
21196775684,2025-09-22,2025-09-22,2025-12-21,qr-admin.cyber-ed.ru,qr-admin.cyber-ed.ru,"C=US, O=Let's Encrypt, CN=R13"
21196776770,2025-09-22,2025-09-22,2025-12-21,qr-admin.cyber-ed.ru,qr-admin.cyber-ed.ru,"C=US, O=Let's Encrypt, CN=R13"
21196762967,2025-09-22,2025-09-22,2025-12-21,qr-api.cyber-ed.ru,qr-api.cyber-ed.ru,"C=US, O=Let's Encrypt, CN=R13"
21196779223,2025-09-22,2025-09-22,2025-12-21,qr-api.cyber-ed.ru,qr-api.cyber-ed.ru,"C=US, O=Let's Encrypt, CN=R13"
21196768195,2025-09-22,2025-09-22,2025-12-21,qr-front.cyber-ed.ru,qr-front.cyber-ed.ru,"C=US, O=Let's Encrypt, CN=R13"
21196783324,2025-09-22,2025-09-22,2025-12-21,qr-front.cyber-ed.ru,qr-front.cyber-ed.ru,"C=US, O=Let's Encrypt, CN=R13"
